DeviceID,ProductClass,Timestamp,RXPower,TXPower,BiasCurrent,SupplyVoltage,Temperature,Health_Score,DownstreamCurrRate,DownstreamMaxRate,SNRMargin,Attenuation,CRCErrors
HG8145V5_BOX_1,HG8145V5,2026-02-09 13:42:15.375547,-24.254598811526375,3.4014286128198323,13587.945476302646,3279.597545259111,45.46065241548528,1,,,,,
HG8145V5_BOX_1,HG8145V5,2026-02-09 14:12:15.375547,-26.440054796637973,1.616167224336399,14795.585311974417,3280.3345035229627,64.7825402228616,1,,,,,
HG8145V5_BOX_1,HG8145V5,2026-02-09 14:42:15.375547,-27.794155057041976,3.4398197043239884,14491.983767203796,3163.701733203483,46.363873852248524,1,,,,,
HG8145V5_BOX_1,HG8145V5,2026-02-09 15:12:15.375547,-26.16595490146566,2.1084844859190754,11722.80788469014,3229.5835055926345,50.19301990693147,0,,,,,
HG8145V5_BOX_1,HG8145V5,2026-02-09 15:42:15.375547,-21.881471052776206,1.7789877213040837,9629.301836816963,3209.9085529881077,55.962449447596256,1,,,,,
HG8145V5_BOX_2,HG8145V5,2026-02-09 13:42:15.375547,-20.148240386069865,1.8993475643167195,11628.109945722505,3277.7243706586128,41.62576444519992,0,,,,,
HG8145V5_BOX_2,HG8145V5,2026-02-09 14:12:15.375547,-21.924551480985617,1.841048247374583,7585.464336867515,3384.665661176,73.79712115760958,2,,,,,
HG8145V5_BOX_2,HG8145V5,2026-02-09 14:42:15.375547,-19.916026518835388,2.109227538346741,7879.049026057455,3305.269907953647,55.405337280886044,1,,,,,
HG8145V5_BOX_2,HG8145V5,2026-02-09 15:12:15.375547,-26.77961765155221,2.4903538202225404,7309.496690036965,3372.7961206236346,49.05729935600059,0,,,,,
HG8145V5_BOX_2,HG8145V5,2026-02-09 15:42:15.375547,-21.37477715646018,2.123422152178822,11680.612190600297,3264.013083802984,46.46990594339345,0,,,,,
HG8145V5_BOX_3,HG8145V5,2026-02-09 13:42:15.375547,-18.304153722354414,3.050265646722229,15455.490474077702,3368.448205128295,60.92649925838798,2,,,,,
HG8145V5_BOX_3,HG8145V5,2026-02-09 14:12:15.375547,-18.781257649768833,1.676985004103839,8763.845761772307,3113.5681866731616,51.38656157671425,0,,,,,
HG8145V5_BOX_3,HG8145V5,2026-02-09 14:42:15.375547,-24.11322710310518,2.0426980635477916,14458.637582367364,3207.025998008077,49.83270783905833,1,,,,,
HG8145V5_BOX_3,HG8145V5,2026-02-09 15:12:15.375547,-22.573039168417516,1.7818484499495253,14219.772826786357,3122.3651931039312,74.5410427810181,2,,,,,
HG8145V5_BOX_3,HG8145V5,2026-02-09 15:42:15.375547,-20.277552307033424,1.8974313630683448,7049.699054112421,3344.63842853645,64.7400070346666,1,,,,,
HG8145V5_BOX_4,HG8145V5,2026-02-09 13:42:15.375547,-20.709928319590126,3.0425406933718913,7666.401865606813,3207.539718563282,44.05541708337954,0,,,,,
HG8145V5_BOX_4,HG8145V5,2026-02-09 14:12:15.375547,-19.368965741244065,2.746596253655116,9978.082223673842,3119.067505085807,50.88438126004817,0,,,,,
HG8145V5_BOX_4,HG8145V5,2026-02-09 14:42:15.375547,-24.74816677973253,2.959212356676128,12738.017242196918,3366.163822772898,56.52752238066823,1,,,,,
HG8145V5_BOX_4,HG8145V5,2026-02-09 15:12:15.375547,-26.804057540616984,2.92648957444599,13847.065437552077,3268.383159270849,66.98385129840963,2,,,,,
HG8145V5_BOX_4,HG8145V5,2026-02-09 15:42:15.375547,-23.06204403635609,2.5454656587639883,10847.869165226946,3107.6257380232287,43.77619994476566,0,,,,,
HG8145V5_BOX_5,HG8145V5,2026-02-09 13:42:15.375547,-27.685708143132658,2.772820822527561,9829.20382968694,3252.571207349411,71.76482658741325,2,,,,,
HG8145V5_BOX_5,HG8145V5,2026-02-09 14:12:15.375547,-25.50707770851125,2.3207658460712595,13799.960246887438,3168.639449647487,42.69429684400775,1,,,,,
HG8145V5_BOX_5,HG8145V5,2026-02-09 14:42:15.375547,-25.10248547086232,1.8224425745080088,15367.278871083157,3342.4361138693253,62.16913147786482,2,,,,,
HG8145V5_BOX_5,HG8145V5,2026-02-09 15:12:15.375547,-19.285394098122822,3.1073441537982287,8679.130529974322,3367.7676995469933,58.87697846704778,1,,,,,
HG8145V5_BOX_5,HG8145V5,2026-02-09 15:42:15.375547,-19.925598448359374,3.2921825998469867,9862.031274746774,3133.015577358303,47.97773068896796,0,,,,,
HG8145V5_BOX_6,HG8145V5,2026-02-09 13:42:15.375547,-23.728922113737436,3.1360295318449865,14746.57524930709,3102.085639159357,57.8761555902148,1,,,,,
HG8145V5_BOX_6,HG8145V5,2026-02-09 14:12:15.375547,-23.82588996851221,1.9442156209414605,8078.788306003145,3201.2845514210885,73.00183963693817,2,,,,,
HG8145V5_BOX_6,HG8145V5,2026-02-09 14:42:15.375547,-24.767970679792448,2.5375812434867324,13327.1706300566,3209.088880713788,74.01237289523363,2,,,,,
HG8145V5_BOX_6,HG8145V5,2026-02-09 15:12:15.375547,-18.37552705057889,2.0035645916507283,11475.23655303147,3190.263492945031,49.969417303211365,0,,,,,
HG8145V5_BOX_6,HG8145V5,2026-02-09 15:42:15.375547,-27.631130526454672,2.7191286679597937,11524.111209059753,3115.443625374997,49.7526262482814,0,,,,,
HG8145V5_BOX_7,HG8145V5,2026-02-09 13:42:15.375547,-18.917341140333463,1.9791237813339448,8304.053848821008,3246.835828083269,74.49776589387102,2,,,,,
HG8145V5_BOX_7,HG8145V5,2026-02-09 14:12:15.375547,-25.579447284884996,2.844271094811757,13854.576537958459,3171.2912631977197,65.48757220141508,2,,,,,
HG8145V5_BOX_7,HG8145V5,2026-02-09 14:42:15.375547,-24.322168672807468,2.7646116611871587,12701.767396848052,3260.7324052224276,43.16014195190429,0,,,,,
HG8145V5_BOX_7,HG8145V5,2026-02-09 15:12:15.375547,-19.64697504410762,2.1415601299434717,8678.666593598688,3112.232542466429,60.68125301158847,1,,,,,
HG8145V5_BOX_7,HG8145V5,2026-02-09 15:42:15.375547,-21.224356381577174,1.5331756578557123,11608.837524693528,3167.9487325593814,62.58104766433075,1,,,,,
HG8145V5_BOX_8,HG8145V5,2026-02-09 13:42:15.375547,-26.256335709950086,2.881875476204932,10480.618116704836,3381.0189966210205,44.81323304510976,0,,,,,
HG8145V5_BOX_8,HG8145V5,2026-02-09 14:12:15.375547,-24.589336489497416,1.7269470424811781,15322.242564507065,3363.201806014294,49.027956970030445,2,,,,,
HG8145V5_BOX_8,HG8145V5,2026-02-09 14:42:15.375547,-21.400159539658212,3.1344444004024314,11996.80730439516,3258.895173506802,48.46483018151581,0,,,,,
HG8145V5_BOX_8,HG8145V5,2026-02-09 15:12:15.375547,-27.068972321941008,3.2944315159066537,15103.762514469974,3289.9304371819803,51.866042686704525,2,,,,,
HG8145V5_BOX_8,HG8145V5,2026-02-09 15:42:15.375547,-24.50790425387339,2.951911357740479,15073.992339573193,3366.125927279535,67.29564410501683,2,,,,,
HG8145V5_BOX_9,HG8145V5,2026-02-09 13:42:15.375547,-21.57968353845712,1.6682799299900977,8454.658426851523,3369.5662565581238,61.22501708808565,1,,,,,
HG8145V5_BOX_9,HG8145V5,2026-02-09 14:12:15.375547,-27.908029483833705,1.7029430857320642,12971.515921972503,3101.5184751538654,45.62828179961245,0,,,,,
HG8145V5_BOX_9,HG8145V5,2026-02-09 14:42:15.375547,-22.51266210633414,2.8837903953853865,12867.651335523406,3167.280792838168,64.92627274716375,1,,,,,
HG8145V5_BOX_9,HG8145V5,2026-02-09 15:12:15.375547,-25.627509125032,2.1507993963185355,13718.422646062218,3294.8898697141644,69.72281936729622,2,,,,,
HG8145V5_BOX_9,HG8145V5,2026-02-09 15:42:15.375547,-21.423871076996566,2.6366172066709432,7843.072910452833,3210.31474091783,49.28208286886039,0,,,,,
HG8145V5_BOX_10,HG8145V5,2026-02-09 13:42:15.375547,-25.560103566209165,3.4460211095048914,10537.879522000843,3367.613966553134,62.0898519099042,1,,,,,
HG8145V5_BOX_10,HG8145V5,2026-02-09 14:12:15.375547,-20.051886964583517,2.505274186210384,12192.134961637232,3247.755308145659,46.83350457293156,0,,,,,
HG8145V5_BOX_10,HG8145V5,2026-02-09 14:42:15.375547,-20.775478847384946,2.0615447248817116,7218.843697883084,3293.6416887721502,46.19887377924671,0,,,,,
HG8145V5_BOX_10,HG8145V5,2026-02-09 15:12:15.375547,-18.59541415647086,3.4078571540051747,15233.779511984038,3211.047610076633,40.54098157851036,2,,,,,
HG8145V5_BOX_10,HG8145V5,2026-02-09 15:42:15.375547,-18.716814374122748,2.3563682966346287,15699.893371393026,3389.085993126776,69.85533094135761,2,,,,,
HG8145V5_BOX_11,HG8145V5,2026-02-09 13:42:15.375547,-25.055511079304143,2.2701954572038505,14660.230043651713,3195.0766015468835,45.93224613401324,1,,,,,
HG8145V5_BOX_11,HG8145V5,2026-02-09 14:12:15.375547,-22.431987375416497,3.372309548321562,13264.268170074756,3271.0183510268093,43.4011772819769,1,,,,,
HG8145V5_BOX_11,HG8145V5,2026-02-09 14:42:15.375547,-21.8499277330083,3.4801077002085266,8260.756137128716,3255.498895709121,70.70805751747844,2,,,,,
HG8145V5_BOX_11,HG8145V5,2026-02-09 15:12:15.375547,-20.592313822457957,2.894031481990536,13322.356755883982,3207.8473453659267,50.275714549257266,1,,,,,
HG8145V5_BOX_11,HG8145V5,2026-02-09 15:42:15.375547,-19.906388445214866,3.1202267893583615,14803.650867220933,3373.9721657669415,57.89698396013282,1,,,,,
HG8145V5_BOX_12,HG8145V5,2026-02-09 13:42:15.375547,-22.984837053128004,3.0965903579335503,12849.675376999887,3310.590063177311,67.85274343026353,2,,,,,
HG8145V5_BOX_12,HG8145V5,2026-02-09 14:12:15.375547,-19.099946581824337,2.1759903137030716,10380.246573759496,3128.1945819522607,60.239804934866086,1,,,,,
HG8145V5_BOX_12,HG8145V5,2026-02-09 14:42:15.375547,-27.64057726203258,2.4311960362649203,11883.80171236819,3185.9623756384854,60.67916411991538,1,,,,,
HG8145V5_BOX_12,HG8145V5,2026-02-09 15:12:15.375547,-27.694997500609507,1.5746963774984288,14403.405045936925,3208.057192423379,44.447117942815964,1,,,,,
HG8145V5_BOX_12,HG8145V5,2026-02-09 15:42:15.375547,-22.777567399451957,3.0399871061972217,8942.389247471589,3286.8671427457,42.98716127478188,0,,,,,
HG8145V5_BOX_13,HG8145V5,2026-02-09 13:42:15.375547,-27.483182788313922,2.5627092631362958,11865.71609449096,3291.228970449462,65.41319668029315,2,,,,,
HG8145V5_BOX_13,HG8145V5,2026-02-09 14:12:15.375547,-18.241479205374652,2.5326006966023904,9906.608256471214,3338.555858430611,49.479128794172595,0,,,,,
HG8145V5_BOX_13,HG8145V5,2026-02-09 14:42:15.375547,-23.61028579294364,1.656912762684532,7228.156690739118,3388.7945244033776,69.25930421792721,2,,,,,
HG8145V5_BOX_13,HG8145V5,2026-02-09 15:12:15.375547,-21.040257939063018,2.3179058888285398,8559.648880637611,3146.931112801326,48.758501435760834,0,,,,,
HG8145V5_BOX_13,HG8145V5,2026-02-09 15:42:15.375547,-22.507733352938796,2.9291918454001244,12941.776390459581,3183.980169083783,73.4202848232118,2,,,,,
HG8145V5_BOX_14,HG8145V5,2026-02-09 13:42:15.375547,-20.621030833042315,2.608708105022801,12505.486716109172,3225.880018728337,48.67058463254051,0,,,,,
HG8145V5_BOX_14,HG8145V5,2026-02-09 14:12:15.375547,-24.440273213487384,3.015692220928738,7129.541397667803,3134.821792152075,41.610092470761344,0,,,,,
HG8145V5_BOX_14,HG8145V5,2026-02-09 14:42:15.375547,-27.5927119768103,3.2109211680220144,13332.920734420213,3242.2521487261974,43.42419562278505,1,,,,,
HG8145V5_BOX_14,HG8145V5,2026-02-09 15:12:15.375547,-23.083841248831675,2.446943541561131,8558.816829190137,3230.155494771392,53.94766570390807,0,,,,,
HG8145V5_BOX_14,HG8145V5,2026-02-09 15:42:15.375547,-21.841499019477837,2.7701873017352874,7407.7360879484,3212.3837843879414,61.905097049998275,1,,,,,
HG8145V5_BOX_15,HG8145V5,2026-02-09 13:42:15.375547,-22.968637414199122,3.2129796823766448,12928.242684570505,3148.880328124429,42.469906159015046,0,,,,,
HG8145V5_BOX_15,HG8145V5,2026-02-09 14:12:15.375547,-21.575807217936845,1.5530226210832436,12271.98023146117,3382.0690724274873,60.14159622565576,1,,,,,
HG8145V5_BOX_15,HG8145V5,2026-02-09 14:42:15.375547,-24.11830073793478,2.7865764368847064,11124.276014423649,3263.6850367947804,72.95126830717838,2,,,,,
HG8145V5_BOX_15,HG8145V5,2026-02-09 15:12:15.375547,-24.138973621992257,3.4223811276478284,15148.155777604574,3158.737340436789,42.42764553063079,2,,,,,
HG8145V5_BOX_15,HG8145V5,2026-02-09 15:42:15.375547,-26.992219986225734,1.5364436513030995,7849.986646803356,3304.902032024907,42.49160269610802,0,,,,,
HG8145V5_BOX_16,HG8145V5,2026-02-09 13:42:15.375547,-24.810243697062386,3.1897506219389093,7209.447421622433,3344.340544776681,49.864917117069,0,,,,,
HG8145V5_BOX_16,HG8145V5,2026-02-09 14:12:15.375547,-26.818351723783437,2.893474330728301,12660.485621018955,3363.241604058116,65.727486533136,2,,,,,
HG8145V5_BOX_16,HG8145V5,2026-02-09 14:42:15.375547,-19.965190696151517,2.064069145142613,8596.955894017505,3325.1844254922576,68.23921587435424,2,,,,,
HG8145V5_BOX_16,HG8145V5,2026-02-09 15:12:15.375547,-18.094948579993265,2.325235353822853,10348.162772135049,3332.923888222599,51.928123908855625,0,,,,,
HG8145V5_BOX_16,HG8145V5,2026-02-09 15:42:15.375547,-18.692426743964354,3.2168255036860236,10860.946246375166,3325.2613203374494,66.40900059296388,2,,,,,
HG8145V5_BOX_17,HG8145V5,2026-02-09 13:42:15.375547,-26.968761311640673,3.305105813359133,11547.271352030715,3347.9372398323226,51.20173603607141,0,,,,,
HG8145V5_BOX_17,HG8145V5,2026-02-09 14:12:15.375547,-19.044767715037995,2.278403357468326,7097.538863322685,3371.614592925779,43.19503368751467,0,,,,,
HG8145V5_BOX_17,HG8145V5,2026-02-09 14:42:15.375547,-24.80686362409585,3.40012393410161,15555.464322438005,3272.031366436986,62.114302425942974,2,,,,,
HG8145V5_BOX_17,HG8145V5,2026-02-09 15:12:15.375547,-23.515544780216803,2.086421543396129,9957.980908329244,3301.7555368231115,66.3331085303188,2,,,,,
HG8145V5_BOX_17,HG8145V5,2026-02-09 15:42:15.375547,-20.084209562741513,3.079236285589108,7820.854927438213,3248.3260914107746,42.01455660058255,0,,,,,
HG8145V5_BOX_18,HG8145V5,2026-02-09 13:42:15.375547,-22.504711176762644,2.383061002746754,14989.337644824698,3205.2745037656236,44.097345574966205,1,,,,,
HG8145V5_BOX_18,HG8145V5,2026-02-09 14:12:15.375547,-26.57008317947164,3.0230212634349445,12563.96256984635,3130.3368028368373,42.94373821402491,0,,,,,
HG8145V5_BOX_18,HG8145V5,2026-02-09 14:42:15.375547,-20.9903086854088,1.645526012728387,14396.740533613207,3311.872668146949,42.84720732246649,1,,,,,
HG8145V5_BOX_18,HG8145V5,2026-02-09 15:12:15.375547,-27.15162285914808,3.473279157002351,10368.437161805083,3211.192644120067,68.44798485401259,2,,,,,
HG8145V5_BOX_18,HG8145V5,2026-02-09 15:42:15.375547,-18.527514226161415,3.472002127645742,13780.403667330474,3212.8778756592747,42.922525084453405,1,,,,,
HG8145V5_BOX_19,HG8145V5,2026-02-09 13:42:15.375547,-20.228530840725632,2.61680849947161,10817.998083222787,3371.9063155284207,43.8919118807153,0,,,,,
HG8145V5_BOX_19,HG8145V5,2026-02-09 14:12:15.375547,-23.07374895709141,1.5227072895348381,11217.945777947138,3116.8909827045513,44.15862706938252,0,,,,,
HG8145V5_BOX_19,HG8145V5,2026-02-09 14:42:15.375547,-26.82473753222895,2.798420604232127,13714.40391338881,3275.010629529148,73.67603919660897,2,,,,,
HG8145V5_BOX_19,HG8145V5,2026-02-09 15:12:15.375547,-24.25129420476296,2.0714241725637215,14817.392153705143,3167.078751555836,73.7127888804214,2,,,,,
HG8145V5_BOX_19,HG8145V5,2026-02-09 15:42:15.375547,-27.878455253101837,3.439757653415278,7388.439207555185,3367.3429341094215,58.469538818020496,1,,,,,
HG8145V5_BOX_20,HG8145V5,2026-02-09 13:42:15.375547,-18.070352038806995,1.6475931294707977,11984.688559611888,3390.7907606857298,58.308424545955205,1,,,,,
HG8145V5_BOX_20,HG8145V5,2026-02-09 14:12:15.375547,-21.706013618647376,2.8914973779692343,11090.86958290996,3288.267424025219,60.451000917308505,1,,,,,
HG8145V5_BOX_20,HG8145V5,2026-02-09 14:42:15.375547,-18.98841989509011,1.5908927606829157,9528.668706330072,3385.123445222968,71.15923243618207,2,,,,,
HG8145V5_BOX_20,HG8145V5,2026-02-09 15:12:15.375547,-23.44343247214287,2.7402651956030732,9496.430646830195,3156.4363479171284,56.22944417289938,1,,,,,
HG8145V5_BOX_20,HG8145V5,2026-02-09 15:42:15.375547,-24.466477719739473,2.667312223701744,7699.6117326848635,3392.31844229985,74.5173760567861,2,,,,,
HG8145V5_BOX_21,HG8145V5,2026-02-09 13:42:15.375547,-21.01838285980255,2.572192732688241,9785.74854657695,3344.138505912085,63.96559103938577,1,,,,,
HG8145V5_BOX_21,HG8145V5,2026-02-09 14:12:15.375547,-26.37383060655109,3.321854368987685,14402.83518630852,3384.939973987577,65.40018279359259,2,,,,,
HG8145V5_BOX_21,HG8145V5,2026-02-09 14:42:15.375547,-21.8658480406421,2.3364860725812377,15394.55635018612,3359.8191668501227,41.58265345371663,2,,,,,
HG8145V5_BOX_21,HG8145V5,2026-02-09 15:12:15.375547,-27.73633025502748,2.252926733756099,14294.979977036495,3396.1828387944834,45.264591188623484,1,,,,,
HG8145V5_BOX_21,HG8145V5,2026-02-09 15:42:15.375547,-22.05869284647865,2.2617817132620432,15729.229580331428,3352.6356769407125,69.34150466488983,2,,,,,
HG8145V5_BOX_22,HG8145V5,2026-02-09 13:42:15.375547,-23.3130684020503,2.3296390046753306,9460.663647376356,3116.9126489952782,70.26528316892686,2,,,,,
HG8145V5_BOX_22,HG8145V5,2026-02-09 14:12:15.375547,-19.870989908699222,3.499435346572261,15969.731533665148,3266.6295116807883,66.91455953131786,2,,,,,
HG8145V5_BOX_22,HG8145V5,2026-02-09 14:42:15.375547,-18.552342701175718,3.1992947813548227,9226.132915688779,3235.163240593028,44.52057953030233,0,,,,,
HG8145V5_BOX_22,HG8145V5,2026-02-09 15:12:15.375547,-18.459489727412777,2.71234926890176,9057.785249531164,3301.510205321757,61.63448841602636,1,,,,,
HG8145V5_BOX_22,HG8145V5,2026-02-09 15:42:15.375547,-24.418372819671596,1.727115184399258,13044.158760335196,3256.092310271138,67.03114371074737,2,,,,,
HG8145V5_BOX_23,HG8145V5,2026-02-09 13:42:15.375547,-22.798364988880067,3.2043630006370805,11967.161548970369,3268.281391460616,70.68287609304207,2,,,,,
HG8145V5_BOX_23,HG8145V5,2026-02-09 14:12:15.375547,-23.96517133787603,1.7680304569012815,7259.044086820051,3326.5411767020855,61.710834297371264,1,,,,,
HG8145V5_BOX_23,HG8145V5,2026-02-09 14:42:15.375547,-20.959202319007765,1.9259283230178215,8227.343280280928,3104.3633997003644,52.270564558230895,0,,,,,
HG8145V5_BOX_23,HG8145V5,2026-02-09 15:12:15.375547,-22.10082313145367,2.2844880901994644,10937.27429821356,3371.2476083481247,52.188941345815515,0,,,,,
HG8145V5_BOX_23,HG8145V5,2026-02-09 15:42:15.375547,-22.860105108401893,3.067306025482286,10568.885040891431,3286.626010068362,70.18272980613608,2,,,,,
HG8145V5_BOX_24,HG8145V5,2026-02-09 13:42:15.375547,-18.504793763423578,1.7941469618580759,15339.28862645345,3247.6348879238612,49.03855359046354,2,,,,,
HG8145V5_BOX_24,HG8145V5,2026-02-09 14:12:15.375547,-23.408642437617388,3.460065150570954,11433.562845935827,3198.6254830862526,62.1690299010854,1,,,,,
HG8145V5_BOX_24,HG8145V5,2026-02-09 14:42:15.375547,-25.598543812218068,1.6517266562173278,8159.917497195843,3138.4137516873316,45.3165942729303,0,,,,,
HG8145V5_BOX_24,HG8145V5,2026-02-09 15:12:15.375547,-26.6117282735059,2.781749489606429,8636.920759592304,3203.700184997159,71.38759434671042,2,,,,,
HG8145V5_BOX_24,HG8145V5,2026-02-09 15:42:15.375547,-23.260383597371277,2.8351154770420544,8550.878840814668,3157.6867056426013,41.43040156932676,0,,,,,
HG8145V5_BOX_25,HG8145V5,2026-02-09 13:42:15.375547,-26.310649369278355,2.0571806780639172,8593.094358490722,3126.6107601271165,44.22225548852103,0,,,,,
HG8145V5_BOX_25,HG8145V5,2026-02-09 14:12:15.375547,-23.392212319672744,1.912667436811585,10278.428749432678,3251.025181256457,64.1638190020278,1,,,,,
HG8145V5_BOX_25,HG8145V5,2026-02-09 14:42:15.375547,-27.60687860158901,3.0988207978180853,12651.10350541817,3124.5277095846614,70.5752518437372,2,,,,,
HG8145V5_BOX_25,HG8145V5,2026-02-09 15:12:15.375547,-18.791275994681868,1.6221559197097275,9491.898833324834,3341.8603839379184,66.18908916342804,2,,,,,
HG8145V5_BOX_25,HG8145V5,2026-02-09 15:42:15.375547,-26.154789806436227,1.9186986466734206,10334.248925122438,3245.3568955573064,61.63891700356036,1,,,,,
HG8145V5_BOX_26,HG8145V5,2026-02-09 13:42:15.375547,-24.310863604302277,2.425069432266296,13727.238443203809,3111.0049608671793,48.835293052040726,1,,,,,
HG8145V5_BOX_26,HG8145V5,2026-02-09 14:12:15.375547,-20.866504141154476,3.2904136753743987,11605.096979040994,3259.634045579595,43.75102039689216,0,,,,,
HG8145V5_BOX_26,HG8145V5,2026-02-09 14:42:15.375547,-23.525876331765453,2.565234532910046,9182.234532712566,3180.7729692848143,53.204945708661796,0,,,,,
HG8145V5_BOX_26,HG8145V5,2026-02-09 15:12:15.375547,-27.799288022222736,2.1441583311663566,8903.032062968901,3198.2492056533742,44.19167461367379,0,,,,,
HG8145V5_BOX_26,HG8145V5,2026-02-09 15:42:15.375547,-19.09472719260105,2.6871849071080973,13111.920872300407,3336.7513715822015,57.445476962517006,1,,,,,
HG8145V5_BOX_27,HG8145V5,2026-02-09 13:42:15.375547,-27.130797119125763,2.574213083637096,12281.570062187911,3323.631842255299,55.108084118038775,1,,,,,
HG8145V5_BOX_27,HG8145V5,2026-02-09 14:12:15.375547,-26.72419697204436,2.0675518115974487,10267.740667587716,3293.77517239948,59.97724066341192,1,,,,,
HG8145V5_BOX_27,HG8145V5,2026-02-09 14:42:15.375547,-24.43903274102154,3.4730304975859596,12451.973374211984,3171.1680375207984,43.56238654171413,0,,,,,
HG8145V5_BOX_27,HG8145V5,2026-02-09 15:12:15.375547,-26.47140860815668,1.9919154567690163,8446.132359336001,3155.9701072153916,49.97833090428465,0,,,,,
HG8145V5_BOX_27,HG8145V5,2026-02-09 15:42:15.375547,-26.266264047052452,3.2935308492528503,7722.10371095478,3257.353416871076,54.363888944638155,0,,,,,
HG8145V5_BOX_28,HG8145V5,2026-02-09 13:42:15.375547,-18.176213830913937,1.7240778043361047,10580.700391411676,3390.8411299826107,70.29274940628932,2,,,,,
HG8145V5_BOX_28,HG8145V5,2026-02-09 14:12:15.375547,-19.829279290507202,2.0158056540898794,8537.988286510592,3300.592965977329,72.5281596194655,2,,,,,
HG8145V5_BOX_28,HG8145V5,2026-02-09 14:42:15.375547,-22.4323710698607,2.6432253789397997,9519.811842942558,3330.847879957581,46.54653119951332,0,,,,,
HG8145V5_BOX_28,HG8145V5,2026-02-09 15:12:15.375547,-24.763207635957563,2.350872877232834,11568.493408160095,3172.722919724524,44.01928886587213,0,,,,,
HG8145V5_BOX_28,HG8145V5,2026-02-09 15:42:15.375547,-21.893799575583675,2.0772611064805115,12231.14399280351,3146.3088145822608,56.839903564918615,1,,,,,
HG8145V5_BOX_29,HG8145V5,2026-02-09 13:42:15.375547,-22.674105674484142,1.6036470736448538,10029.438503745285,3140.3244030816923,42.21812396654687,0,,,,,
HG8145V5_BOX_29,HG8145V5,2026-02-09 14:12:15.375547,-18.10039767610055,2.144707689949446,14288.870012691714,3176.392196429129,63.85259527783752,1,,,,,
HG8145V5_BOX_29,HG8145V5,2026-02-09 14:42:15.375547,-20.397721401103134,2.6912774812156885,11244.185696951427,3223.5522742441804,52.21038932900483,0,,,,,
HG8145V5_BOX_29,HG8145V5,2026-02-09 15:12:15.375547,-18.70470855752174,3.1612388155754583,15685.242195998613,3137.2891670456634,65.58036163212755,2,,,,,
HG8145V5_BOX_29,HG8145V5,2026-02-09 15:42:15.375547,-18.61659543178962,1.8624661323313203,7598.466406300998,3322.3361947870176,60.10655896129691,1,,,,,
HG8145V5_BOX_30,HG8145V5,2026-02-09 13:42:15.375547,-19.58171223241728,1.779544753252579,14157.40580673901,3160.4881960143234,45.72795800029966,1,,,,,
HG8145V5_BOX_30,HG8145V5,2026-02-09 14:12:15.375547,-26.35734202069007,3.129149440462764,12986.774986265802,3256.919627430736,52.55906694432259,0,,,,,
HG8145V5_BOX_30,HG8145V5,2026-02-09 14:42:15.375547,-19.227994591868917,2.2848902148452708,14349.394955244194,3231.7404725710658,53.193055029871765,1,,,,,
HG8145V5_BOX_30,HG8145V5,2026-02-09 15:12:15.375547,-23.373202143303935,2.102755748328284,13728.484421586261,3250.8161170277435,48.1274443301386,1,,,,,
HG8145V5_BOX_30,HG8145V5,2026-02-09 15:42:15.375547,-19.004254267254318,2.267782442746423,11891.975750025897,3371.9416332893643,61.84832985698972,1,,,,,
IGD_BOX_1,IGD,2026-02-09 13:42:15.375547,,,,,,1,15390.697835539999,16168.98040708364,8.64937247764276,31.721696512998015,2035.0
IGD_BOX_1,IGD,2026-02-09 14:12:15.375547,,,,,,2,14760.483620650764,22414.609111390455,11.979233543314589,46.3341092013588,3068.0
IGD_BOX_1,IGD,2026-02-09 14:42:15.375547,,,,,,2,13903.234384977417,17484.891398144657,3.3017919126220145,39.94613897049608,4612.0
IGD_BOX_1,IGD,2026-02-09 15:12:15.375547,,,,,,2,11257.91643601419,23767.656367617492,10.391315742048116,23.872110793432253,3228.0
IGD_BOX_1,IGD,2026-02-09 15:42:15.375547,,,,,,1,12016.53313893092,20398.606371128368,6.6805965937694385,47.01586932093858,94.0
IGD_BOX_2,IGD,2026-02-09 13:42:15.375547,,,,,,2,13690.380313694654,20984.42701205227,9.44561167259657,40.96602776720643,4106.0
IGD_BOX_2,IGD,2026-02-09 14:12:15.375547,,,,,,1,11656.49172796424,24590.74794564028,5.046158847269883,34.8258901847169,345.0
IGD_BOX_2,IGD,2026-02-09 14:42:15.375547,,,,,,1,7896.921350840259,24472.833396118152,8.276068488151175,37.70610376095631,984.0
IGD_BOX_2,IGD,2026-02-09 15:12:15.375547,,,,,,1,13712.312077595028,17560.15531853662,8.336666147329394,23.577443247881988,2935.0
IGD_BOX_2,IGD,2026-02-09 15:42:15.375547,,,,,,2,10982.421100395894,15230.226047876375,9.941220016677642,33.10523794021477,4146.0
IGD_BOX_3,IGD,2026-02-09 13:42:15.375547,,,,,,1,21190.166264353797,22364.44235624723,11.330116616160987,35.77937799914462,2861.0
IGD_BOX_3,IGD,2026-02-09 14:12:15.375547,,,,,,2,5770.43649155685,17359.060345950813,4.676887915447086,49.31217761508722,3072.0
IGD_BOX_3,IGD,2026-02-09 14:42:15.375547,,,,,,1,14576.532116783947,23698.96362062128,8.321478921704363,33.96509463545456,1332.0
IGD_BOX_3,IGD,2026-02-09 15:12:15.375547,,,,,,0,15457.54995779556,18351.972416459008,3.0416882070414255,31.672471009190048,574.0
IGD_BOX_3,IGD,2026-02-09 15:42:15.375547,,,,,,0,17054.68467837925,19145.045842036277,11.306642086186363,36.29950428115846,474.0
IGD_BOX_4,IGD,2026-02-09 13:42:15.375547,,,,,,1,12569.708153488009,22375.012481097485,5.021443406459838,35.83538306464427,1205.0
IGD_BOX_4,IGD,2026-02-09 14:12:15.375547,,,,,,2,10036.431962728884,16763.869865062232,6.770329045540931,52.0196065373835,4380.0
IGD_BOX_4,IGD,2026-02-09 14:42:15.375547,,,,,,0,14685.03039449383,20805.883502780434,3.1178501092950026,43.22380802058487,966.0
IGD_BOX_4,IGD,2026-02-09 15:12:15.375547,,,,,,1,14041.05225760178,24755.413156827562,8.015748320010431,50.122120626175686,1724.0
IGD_BOX_4,IGD,2026-02-09 15:42:15.375547,,,,,,1,7406.191261233795,16844.628714188562,5.789432336417498,33.906134041015925,2482.0
IGD_BOX_5,IGD,2026-02-09 13:42:15.375547,,,,,,2,15704.515605536444,17099.05593095586,4.846256764338064,26.67407022322833,4524.0
IGD_BOX_5,IGD,2026-02-09 14:12:15.375547,,,,,,2,16322.167547955974,18777.259474401693,8.287082438106669,30.291563772734005,3057.0
IGD_BOX_5,IGD,2026-02-09 14:42:15.375547,,,,,,2,11186.98706652591,20243.9026932758,6.606867547877934,39.58741159578763,4926.0
IGD_BOX_5,IGD,2026-02-09 15:12:15.375547,,,,,,2,7493.782109925465,16029.814793313155,3.679530274235003,46.36361772616078,4873.0
IGD_BOX_5,IGD,2026-02-09 15:42:15.375547,,,,,,1,12664.35943186606,17707.44673143554,6.678607539882868,20.88852244811207,1823.0
IGD_BOX_6,IGD,2026-02-09 13:42:15.375547,,,,,,1,16113.201707259204,22159.722288473975,3.2438639325313514,27.76902566765323,2490.0
IGD_BOX_6,IGD,2026-02-09 14:12:15.375547,,,,,,2,13558.01909615767,20055.07879106034,6.053441213065719,39.930523121722516,3675.0
IGD_BOX_6,IGD,2026-02-09 14:42:15.375547,,,,,,2,4859.14409503424,17381.827810467264,5.188549718995087,45.27934261494807,3191.0
IGD_BOX_6,IGD,2026-02-09 15:12:15.375547,,,,,,0,22379.20208918153,23068.501489625858,11.49968753019546,24.937864707219976,822.0
IGD_BOX_6,IGD,2026-02-09 15:42:15.375547,,,,,,2,5041.927437189828,23963.358185211197,3.7695767776902125,27.276018930110958,4242.0
IGD_BOX_7,IGD,2026-02-09 13:42:15.375547,,,,,,1,14623.739310623148,16227.768896627085,8.78633007252828,44.63811472984783,1920.0
IGD_BOX_7,IGD,2026-02-09 14:12:15.375547,,,,,,2,10972.026491338698,23174.43561738441,5.3348109008816325,33.28923428585434,4566.0
IGD_BOX_7,IGD,2026-02-09 14:42:15.375547,,,,,,2,13263.764176458353,15342.28110820529,6.1067293039314805,47.08420831204691,3577.0
IGD_BOX_7,IGD,2026-02-09 15:12:15.375547,,,,,,2,7064.499560344058,22636.05794159761,10.816211783081215,37.06009193873298,4223.0
IGD_BOX_7,IGD,2026-02-09 15:42:15.375547,,,,,,2,9887.807494682109,16821.07138821583,7.612118902937294,45.959043048003295,4033.0
IGD_BOX_8,IGD,2026-02-09 13:42:15.375547,,,,,,1,8668.538519917207,21334.782198261473,4.254204666655417,49.222558287975474,2051.0
IGD_BOX_8,IGD,2026-02-09 14:12:15.375547,,,,,,1,15024.41437190304,16322.762111253303,9.220996718486889,43.911434975591845,2175.0
IGD_BOX_8,IGD,2026-02-09 14:42:15.375547,,,,,,2,10696.783386317813,16177.510828901412,5.466496986184854,39.39623008805277,4683.0
IGD_BOX_8,IGD,2026-02-09 15:12:15.375547,,,,,,2,3562.950670908934,17064.21271760603,4.2319706706192655,51.50065246468368,645.0
IGD_BOX_8,IGD,2026-02-09 15:42:15.375547,,,,,,1,8941.786067737743,22321.845784590623,8.697882570217029,37.2995847548395,2953.0
IGD_BOX_9,IGD,2026-02-09 13:42:15.375547,,,,,,2,12917.500355055414,24144.119459249596,6.448246754245477,38.16211968489931,4225.0
IGD_BOX_9,IGD,2026-02-09 14:12:15.375547,,,,,,2,13170.751862585477,16662.833687560793,3.745188011326138,41.11032383132358,4889.0
IGD_BOX_9,IGD,2026-02-09 14:42:15.375547,,,,,,0,13638.490454933195,15682.497053540916,6.934740567215192,52.04297870521699,186.0
IGD_BOX_9,IGD,2026-02-09 15:12:15.375547,,,,,,2,11737.428062504647,17971.21715623175,7.284453619791897,43.228490787692685,4853.0
IGD_BOX_9,IGD,2026-02-09 15:42:15.375547,,,,,,1,9597.522138988947,16350.01277421207,5.429201001529754,38.89449726178677,1762.0
IGD_BOX_10,IGD,2026-02-09 13:42:15.375547,,,,,,0,20538.171991734245,23415.296603100433,11.597126814511311,25.41352493091327,153.0
IGD_BOX_10,IGD,2026-02-09 14:12:15.375547,,,,,,1,9387.63631589031,19742.373087003696,6.163861450207969,34.44777427123633,60.0
IGD_BOX_10,IGD,2026-02-09 14:42:15.375547,,,,,,1,11989.422311517334,21884.02396427736,5.217618299151962,48.66858111859699,1252.0
IGD_BOX_10,IGD,2026-02-09 15:12:15.375547,,,,,,1,14635.18205475534,15023.393906257783,3.047284367025464,23.60828111048107,1636.0
IGD_BOX_10,IGD,2026-02-09 15:42:15.375547,,,,,,2,14863.002885252183,15915.82073326634,4.231367678270653,53.25830738372809,3894.0
IGD_BOX_11,IGD,2026-02-09 13:42:15.375547,,,,,,2,5444.659755669272,20213.006674135693,11.623537137035374,46.54373448809885,4062.0
IGD_BOX_11,IGD,2026-02-09 14:12:15.375547,,,,,,2,16769.31524382132,23065.611478614497,9.230489080660671,49.72184780478618,3726.0
IGD_BOX_11,IGD,2026-02-09 14:42:15.375547,,,,,,2,5291.619576345905,21931.752114569248,9.029257180950353,21.545790319853506,4806.0
IGD_BOX_11,IGD,2026-02-09 15:12:15.375547,,,,,,2,16111.963994305575,24993.53499565835,7.258891062732,30.949919977695565,4430.0
IGD_BOX_11,IGD,2026-02-09 15:42:15.375547,,,,,,2,9622.046416463065,21974.2026724684,11.319565758388773,53.987038580787875,4822.0
IGD_BOX_12,IGD,2026-02-09 13:42:15.375547,,,,,,1,18272.106310161646,22953.418379590974,3.4939435318182746,35.93002897626546,1466.0
IGD_BOX_12,IGD,2026-02-09 14:12:15.375547,,,,,,2,5347.332173506367,23289.154741506773,8.366428906338477,28.050309305069607,130.0
IGD_BOX_12,IGD,2026-02-09 14:42:15.375547,,,,,,2,10364.286096762624,21962.8877587814,9.522900943758852,22.287471927962983,3959.0
IGD_BOX_12,IGD,2026-02-09 15:12:15.375547,,,,,,2,16980.366659698953,20394.91292375337,5.8687725263886295,41.906198175295316,4111.0
IGD_BOX_12,IGD,2026-02-09 15:42:15.375547,,,,,,0,17367.024537662925,19268.170566548644,6.757554756251029,36.16799977014557,545.0
IGD_BOX_13,IGD,2026-02-09 13:42:15.375547,,,,,,2,13687.794007893894,15212.69410850387,7.760434206244907,52.86736944795137,3810.0
IGD_BOX_13,IGD,2026-02-09 14:12:15.375547,,,,,,2,3259.1987120440463,15700.29705747471,3.4741545237950575,23.099019371476636,4413.0
IGD_BOX_13,IGD,2026-02-09 14:42:15.375547,,,,,,2,13898.813386476315,19798.756203039087,10.863094027677048,54.44292142197533,4361.0
IGD_BOX_13,IGD,2026-02-09 15:12:15.375547,,,,,,2,7466.603819237443,15916.9933511143,7.702672724710708,45.62951325146258,3760.0
IGD_BOX_13,IGD,2026-02-09 15:42:15.375547,,,,,,2,7789.82666484896,16104.741131313947,5.585150924886736,30.370784215959652,4388.0
IGD_BOX_14,IGD,2026-02-09 13:42:15.375547,,,,,,2,3304.6925634679424,15420.93189636362,11.889501507624283,34.97205968075518,963.0
IGD_BOX_14,IGD,2026-02-09 14:12:15.375547,,,,,,2,16494.70375687712,17182.53887865064,10.07710512973997,23.129385080929083,4805.0
IGD_BOX_14,IGD,2026-02-09 14:42:15.375547,,,,,,2,22523.653868707803,24823.305150800814,8.407186017979782,51.63033885113447,4867.0
IGD_BOX_14,IGD,2026-02-09 15:12:15.375547,,,,,,2,16523.35888488533,17316.717013834434,8.846819840931316,41.27078782076007,3564.0
IGD_BOX_14,IGD,2026-02-09 15:42:15.375547,,,,,,2,3849.2165791434168,16203.38762034996,6.456815503421247,21.285617809931477,2553.0
IGD_BOX_15,IGD,2026-02-09 13:42:15.375547,,,,,,1,10944.289783933615,22795.84473566753,3.5205840890705673,53.918592054928396,2736.0
IGD_BOX_15,IGD,2026-02-09 14:12:15.375547,,,,,,1,13680.157440789279,20182.60366676392,7.725283507742414,29.108167878303455,2466.0
IGD_BOX_15,IGD,2026-02-09 14:42:15.375547,,,,,,2,17090.721267987505,22582.384757040913,4.3850631570586955,48.55415937467163,4069.0
IGD_BOX_15,IGD,2026-02-09 15:12:15.375547,,,,,,1,16947.351453574596,21229.373829351185,3.313786442104424,51.32225044297439,1380.0
IGD_BOX_15,IGD,2026-02-09 15:42:15.375547,,,,,,1,14354.712980458948,15914.868373977548,5.3904003832983545,24.533022244898145,1218.0
IGD_BOX_16,IGD,2026-02-09 13:42:15.375547,,,,,,1,21847.98279648472,24556.514982297536,10.285644672523903,42.93346932236576,1418.0
IGD_BOX_16,IGD,2026-02-09 14:12:15.375547,,,,,,2,8359.652249314606,15869.8675991141,6.354196653110826,29.091382431611418,3972.0
IGD_BOX_16,IGD,2026-02-09 14:42:15.375547,,,,,,0,9696.65546419169,15487.835816731731,11.659097753328448,23.831410101905885,795.0
IGD_BOX_16,IGD,2026-02-09 15:12:15.375547,,,,,,1,13885.169599330775,15761.308594903001,7.4563187431257685,36.82053020643268,2396.0
IGD_BOX_16,IGD,2026-02-09 15:42:15.375547,,,,,,1,15812.12241415329,24065.1371944458,8.959008090959081,39.03226177990898,1996.0
IGD_BOX_17,IGD,2026-02-09 13:42:15.375547,,,,,,1,15954.56873960394,17670.282701694214,10.176834194462353,43.04581421304489,1704.0
IGD_BOX_17,IGD,2026-02-09 14:12:15.375547,,,,,,2,7170.094850882836,18340.08878745238,11.370813154587648,23.70419328400044,3738.0
IGD_BOX_17,IGD,2026-02-09 14:42:15.375547,,,,,,2,7363.7721576152735,22527.166395576412,10.927836832790355,50.51452347108312,4521.0
IGD_BOX_17,IGD,2026-02-09 15:12:15.375547,,,,,,1,7624.659764746421,16288.698674734453,9.69157430662447,25.626596361690787,2403.0
IGD_BOX_17,IGD,2026-02-09 15:42:15.375547,,,,,,2,16558.60922863718,20561.81735039757,5.328194976281171,26.759650260555258,3117.0
IGD_BOX_18,IGD,2026-02-09 13:42:15.375547,,,,,,2,11833.014749928521,18264.33576503293,4.0425947110223195,33.18433766953795,4543.0
IGD_BOX_18,IGD,2026-02-09 14:12:15.375547,,,,,,2,16806.956395808247,20399.853797158554,3.9628257494426258,46.63597658757098,4681.0
IGD_BOX_18,IGD,2026-02-09 14:42:15.375547,,,,,,1,16851.01781595821,19322.407838925123,6.529360903006769,26.28240631983417,2084.0
IGD_BOX_18,IGD,2026-02-09 15:12:15.375547,,,,,,2,15220.361601152566,16025.097279906793,9.19097150070732,22.374297068681017,4826.0
IGD_BOX_18,IGD,2026-02-09 15:42:15.375547,,,,,,0,13610.762733483625,16663.775869322722,9.377148041423665,36.5750860952281,21.0
IGD_BOX_19,IGD,2026-02-09 13:42:15.375547,,,,,,2,5017.95095015258,21209.155177674773,10.843831255371386,54.07211392120889,284.0
IGD_BOX_19,IGD,2026-02-09 14:12:15.375547,,,,,,0,13973.127100251699,19459.583070103214,8.349562733056908,33.426429114196765,28.0
IGD_BOX_19,IGD,2026-02-09 14:42:15.375547,,,,,,2,6984.8449917218095,15221.235515289973,7.397788713641992,46.96425962327277,4665.0
IGD_BOX_19,IGD,2026-02-09 15:12:15.375547,,,,,,1,4910.62734908701,15010.294798456334,7.216854750917259,53.050627223524046,38.0
IGD_BOX_19,IGD,2026-02-09 15:42:15.375547,,,,,,2,17447.33854312888,20270.24096211862,5.685369878909933,49.39815076353652,3155.0
IGD_BOX_20,IGD,2026-02-09 13:42:15.375547,,,,,,1,9018.948151176675,21545.11214281135,11.557772060253694,25.287026212331508,988.0
IGD_BOX_20,IGD,2026-02-09 14:12:15.375547,,,,,,2,13092.450670494427,24436.15920167599,8.746733528976769,33.9158039286978,4665.0
IGD_BOX_20,IGD,2026-02-09 14:42:15.375547,,,,,,1,9192.471518127857,23940.992036791344,4.9179423362257495,21.089692900957896,792.0
IGD_BOX_20,IGD,2026-02-09 15:12:15.375547,,,,,,0,14401.441183225754,22149.24040202248,7.243792140922614,39.01314820264854,984.0
IGD_BOX_20,IGD,2026-02-09 15:42:15.375547,,,,,,2,19452.968717382682,23686.231679556106,9.938296601796468,49.567412984091064,4444.0
IGD_BOX_21,IGD,2026-02-09 13:42:15.375547,,,,,,2,3686.9550648502363,16312.448776823876,11.287630630341182,41.58276100822583,526.0
IGD_BOX_21,IGD,2026-02-09 14:12:15.375547,,,,,,2,5822.63509058064,19815.2235151255,4.126672129822953,43.994785053014,1763.0
IGD_BOX_21,IGD,2026-02-09 14:42:15.375547,,,,,,1,7830.862844225633,20584.12672583198,4.447429221703711,42.80318133807926,116.0
IGD_BOX_21,IGD,2026-02-09 15:12:15.375547,,,,,,2,11425.328325890312,20902.639388856223,11.859162666626135,25.2353224933648,3860.0
IGD_BOX_21,IGD,2026-02-09 15:42:15.375547,,,,,,1,8082.295945597995,15724.468877945588,7.319449512454112,41.00071918417563,1567.0
IGD_BOX_22,IGD,2026-02-09 13:42:15.375547,,,,,,0,17377.684670785038,21569.83857564493,11.573837742348454,51.773652854462405,778.0
IGD_BOX_22,IGD,2026-02-09 14:12:15.375547,,,,,,2,5623.533473189249,19805.06947257829,5.178405142762747,54.533190764350124,591.0
IGD_BOX_22,IGD,2026-02-09 14:42:15.375547,,,,,,2,7300.61541997411,19823.563815515918,6.114149108803556,47.153165752753466,4337.0
IGD_BOX_22,IGD,2026-02-09 15:12:15.375547,,,,,,0,11217.56490024468,18264.61308243992,3.7907984923035003,32.271942592321324,917.0
IGD_BOX_22,IGD,2026-02-09 15:42:15.375547,,,,,,2,17892.479997251863,18220.94702219335,4.807731808760647,44.26178792879384,4238.0
IGD_BOX_23,IGD,2026-02-09 13:42:15.375547,,,,,,1,5678.264913565692,17001.5024424481,3.941110563009602,42.27505873402728,634.0
IGD_BOX_23,IGD,2026-02-09 14:12:15.375547,,,,,,0,14534.289929354707,15315.86144825642,3.467741552863252,38.945371735537464,715.0
IGD_BOX_23,IGD,2026-02-09 14:42:15.375547,,,,,,0,18286.562789544594,23709.69123746086,10.215552747628127,31.880756738998212,250.0
IGD_BOX_23,IGD,2026-02-09 15:12:15.375547,,,,,,0,14459.440230177896,19843.984475740406,7.977013073327626,40.91165519211755,21.0
IGD_BOX_23,IGD,2026-02-09 15:42:15.375547,,,,,,1,13956.384583759167,19523.182845183,7.737623948425019,45.605633261436616,2134.0
IGD_BOX_24,IGD,2026-02-09 13:42:15.375547,,,,,,1,12545.313919980901,21502.94185873454,8.541678197480184,31.515610323513176,749.0
IGD_BOX_24,IGD,2026-02-09 14:12:15.375547,,,,,,1,6350.044647019789,18368.957917711068,10.107286564282312,43.054772142530666,306.0
IGD_BOX_24,IGD,2026-02-09 14:42:15.375547,,,,,,2,3600.6601474965732,16616.72544146803,8.879367173135972,31.631011887428812,311.0
IGD_BOX_24,IGD,2026-02-09 15:12:15.375547,,,,,,0,17824.95881821207,24747.931621467833,4.795882058362306,43.807988485095194,352.0
IGD_BOX_24,IGD,2026-02-09 15:42:15.375547,,,,,,1,7942.43452256972,23404.524062769335,11.647024963382792,34.55675781514293,2071.0
IGD_BOX_25,IGD,2026-02-09 13:42:15.375547,,,,,,1,9179.750847308324,19254.933344480753,6.339348866861425,54.56773473076203,1712.0
IGD_BOX_25,IGD,2026-02-09 14:12:15.375547,,,,,,2,13502.768883647213,20139.95867808725,3.2645500118085655,33.84303094471554,3811.0
IGD_BOX_25,IGD,2026-02-09 14:42:15.375547,,,,,,1,21848.820353185627,23734.232380816604,6.795488341861098,29.688972903226805,1394.0
IGD_BOX_25,IGD,2026-02-09 15:12:15.375547,,,,,,1,8693.094583013808,17838.54528608645,6.454624366810167,36.303448245708694,2958.0
IGD_BOX_25,IGD,2026-02-09 15:42:15.375547,,,,,,2,14247.38438218089,17357.9209395921,6.64779164777169,41.064938428170294,3369.0
IGD_BOX_26,IGD,2026-02-09 13:42:15.375547,,,,,,2,16977.81514197458,17375.433249238777,4.6287925743854075,49.90347826793527,3052.0
IGD_BOX_26,IGD,2026-02-09 14:12:15.375547,,,,,,2,5383.667650867186,19371.653888168265,6.6451871917228935,40.752143994112366,2278.0
IGD_BOX_26,IGD,2026-02-09 14:42:15.375547,,,,,,1,12537.93881401409,18592.333693997658,4.471714853265205,33.68785378281162,2040.0
IGD_BOX_26,IGD,2026-02-09 15:12:15.375547,,,,,,2,16832.934431100468,18990.459461371112,3.0812736371659524,40.59444216692119,4555.0
IGD_BOX_26,IGD,2026-02-09 15:42:15.375547,,,,,,2,15914.992105668238,16308.736607183499,7.084105872452753,28.261766217126237,3778.0
IGD_BOX_27,IGD,2026-02-09 13:42:15.375547,,,,,,2,9024.810411169357,19420.243737828576,7.038998164482628,43.42866405107765,3432.0
IGD_BOX_27,IGD,2026-02-09 14:12:15.375547,,,,,,1,7703.689334492221,19308.87523661806,8.55430487943627,44.737202590990606,575.0
IGD_BOX_27,IGD,2026-02-09 14:42:15.375547,,,,,,1,9361.083432166242,18592.507479162457,8.449843418803946,32.48562185640006,2212.0
IGD_BOX_27,IGD,2026-02-09 15:12:15.375547,,,,,,1,17439.916879347795,22817.903298450292,7.01731781861327,50.247566218595914,1925.0
IGD_BOX_27,IGD,2026-02-09 15:42:15.375547,,,,,,2,4939.019211915734,17058.41210036768,5.427746503652907,21.99803996312602,1316.0
IGD_BOX_28,IGD,2026-02-09 13:42:15.375547,,,,,,2,5640.128945773354,24366.056922949614,4.098989226090241,35.82696598992023,3828.0
IGD_BOX_28,IGD,2026-02-09 14:12:15.375547,,,,,,2,4490.0073343635595,15885.555842232414,8.262036303983297,44.08727530533084,275.0
IGD_BOX_28,IGD,2026-02-09 14:42:15.375547,,,,,,2,24172.406028226862,24866.30122958847,3.0444598284096864,53.313412489813366,3868.0
IGD_BOX_28,IGD,2026-02-09 15:12:15.375547,,,,,,2,13350.131176262514,23679.18294520022,7.640364257213252,37.10963030899221,3923.0
IGD_BOX_28,IGD,2026-02-09 15:42:15.375547,,,,,,1,4977.560799125683,16257.415118066489,4.291881258354536,52.893692717439464,891.0
IGD_BOX_29,IGD,2026-02-09 13:42:15.375547,,,,,,2,21211.17125450643,21734.324333249173,3.8451064421047656,43.54107413787942,4612.0
IGD_BOX_29,IGD,2026-02-09 14:12:15.375547,,,,,,1,9957.961818346124,24633.46832820399,8.95469115334032,54.252095059018565,2474.0
IGD_BOX_29,IGD,2026-02-09 14:42:15.375547,,,,,,2,13050.142642473444,21832.48028289646,8.560625161810925,50.41167445675514,3952.0
IGD_BOX_29,IGD,2026-02-09 15:12:15.375547,,,,,,2,14458.468814157912,15303.870596968369,9.205740759284051,43.677968502203626,3124.0
IGD_BOX_29,IGD,2026-02-09 15:42:15.375547,,,,,,0,14339.894777837919,21669.715169909072,6.137163005177735,25.57506058349818,703.0
IGD_BOX_30,IGD,2026-02-09 13:42:15.375547,,,,,,1,15199.406766322603,15482.120388605561,6.662171646505835,50.47637076180407,2632.0
IGD_BOX_30,IGD,2026-02-09 14:12:15.375547,,,,,,2,6854.156633650271,15904.816952870508,3.9819866858917474,42.76790767271005,3173.0
IGD_BOX_30,IGD,2026-02-09 14:42:15.375547,,,,,,0,13411.788354046017,18270.331615632385,10.270613477471327,46.67997971718155,1000.0
IGD_BOX_30,IGD,2026-02-09 15:12:15.375547,,,,,,0,16266.091393747609,18171.957167653985,6.381050266935539,30.390424609609827,454.0
IGD_BOX_30,IGD,2026-02-09 15:42:15.375547,,,,,,1,6921.500716574661,15057.586604981216,6.298153813842581,33.866044206323934,916.0
G-2425G-A_BOX_1,G-2425G-A,2026-02-09 13:42:15.375547,-25.195802957672022,2.5969994433029537,12570.126537376083,3263.706066548642,55.55468084629206,1,,,,,
G-2425G-A_BOX_1,G-2425G-A,2026-02-09 14:12:15.375547,-28.85332942953736,2.6741234154023017,8931.777273713116,3292.772790684157,66.5770514773003,2,,,,,
G-2425G-A_BOX_1,G-2425G-A,2026-02-09 14:42:15.375547,-23.995546908692585,2.5847273299594766,15587.567757160925,3354.1502084117724,71.99827805830145,2,,,,,
G-2425G-A_BOX_1,G-2425G-A,2026-02-09 15:12:15.375547,-20.862337116804134,1.7178366836934629,8766.430775746656,3257.987139180688,48.612438057929936,0,,,,,
G-2425G-A_BOX_1,G-2425G-A,2026-02-09 15:42:15.375547,-24.233045249588407,2.2887306476367004,12170.021026658855,3324.0627148407466,65.0421817484746,2,,,,,
G-2425G-A_BOX_2,G-2425G-A,2026-02-09 13:42:15.375547,-23.787658675146655,3.144786837634116,11162.327778073282,3369.014286952037,42.494809451930735,0,,,,,
G-2425G-A_BOX_2,G-2425G-A,2026-02-09 14:12:15.375547,-19.453399699666925,2.8093861628626966,10730.633325966246,3159.1462379718632,56.771413030526,1,,,,,
G-2425G-A_BOX_2,G-2425G-A,2026-02-09 14:42:15.375547,-27.05441676814699,1.8326632154862843,12747.48993801028,3256.9254173745353,63.453361211382955,1,,,,,
G-2425G-A_BOX_2,G-2425G-A,2026-02-09 15:12:15.375547,-19.703941225780106,2.5645204266780803,12437.922452733781,3126.887901746483,65.11725250680203,2,,,,,
G-2425G-A_BOX_2,G-2425G-A,2026-02-09 15:42:15.375547,-25.00094793195844,3.4534504773251578,14496.979132563112,3256.7443121548354,44.31279289602581,1,,,,,
G-2425G-A_BOX_3,G-2425G-A,2026-02-09 13:42:15.375547,-20.405842067194108,3.0995621908480433,9068.973601064781,3188.583486766093,67.7692540351743,2,,,,,
G-2425G-A_BOX_3,G-2425G-A,2026-02-09 14:12:15.375547,-27.147715534525904,3.3355049783427546,11108.483114169076,3126.111688776298,68.55120252264983,2,,,,,
G-2425G-A_BOX_3,G-2425G-A,2026-02-09 14:42:15.375547,-25.264903169616126,2.5529983883075618,8454.586927495362,3100.7752044534946,62.32948220276542,1,,,,,
G-2425G-A_BOX_3,G-2425G-A,2026-02-09 15:12:15.375547,-23.848248296662682,2.6870771382462943,14246.822728234389,3293.981774026858,46.1170704989582,1,,,,,
G-2425G-A_BOX_3,G-2425G-A,2026-02-09 15:42:15.375547,-25.392274808894,3.3117822095755205,14044.52995213927,3266.991117381015,48.94757492332453,1,,,,,
G-2425G-A_BOX_4,G-2425G-A,2026-02-09 13:42:15.375547,-25.97939498165205,2.963916135171269,14734.98121724855,3301.427400859184,68.33354915189545,2,,,,,
G-2425G-A_BOX_4,G-2425G-A,2026-02-09 14:12:15.375547,-21.33343864799594,1.7994079359139155,11103.530909763067,3145.8951402485686,48.23324546806947,0,,,,,
G-2425G-A_BOX_4,G-2425G-A,2026-02-09 14:42:15.375547,-20.307403753489474,2.445783931266364,12050.543865662617,3153.5337895683315,50.92951251170786,0,,,,,
G-2425G-A_BOX_4,G-2425G-A,2026-02-09 15:12:15.375547,-26.6975383157213,1.9123723290368528,12922.666743185746,3177.0651542937144,62.120542010714644,1,,,,,
G-2425G-A_BOX_4,G-2425G-A,2026-02-09 15:42:15.375547,-28.41545385891446,1.7835487870542037,9833.592159001066,3279.1140750687073,63.654443578058164,1,,,,,
G-2425G-A_BOX_5,G-2425G-A,2026-02-09 13:42:15.375547,-24.57283033220473,2.391581829154458,13658.393236888254,3104.7463275296745,51.938150856597716,1,,,,,
G-2425G-A_BOX_5,G-2425G-A,2026-02-09 14:12:15.375547,-20.81292942880767,2.7064388204267447,10366.430628421072,3371.657437698902,67.0417954607284,2,,,,,
G-2425G-A_BOX_5,G-2425G-A,2026-02-09 14:42:15.375547,-26.351045527632664,2.7905796750514336,12563.88118960613,3220.356374211695,52.843462772168024,0,,,,,
G-2425G-A_BOX_5,G-2425G-A,2026-02-09 15:12:15.375547,-25.56439525224296,2.734311566791294,11260.48446008569,3349.5589339754265,63.43609156468867,1,,,,,
G-2425G-A_BOX_5,G-2425G-A,2026-02-09 15:42:15.375547,-28.300683942905657,2.780336447656332,9804.75321025157,3277.8435974960266,63.8046175886208,1,,,,,
G-2425G-A_BOX_6,G-2425G-A,2026-02-09 13:42:15.375547,-26.691708108459878,2.4137172897607373,9117.761333962077,3115.7016627359526,53.24667482200542,0,,,,,
G-2425G-A_BOX_6,G-2425G-A,2026-02-09 14:12:15.375547,-25.37055728154008,3.490960981408514,11293.994985179957,3200.0708648416603,60.31662523508361,1,,,,,
G-2425G-A_BOX_6,G-2425G-A,2026-02-09 14:42:15.375547,-28.112326058922314,3.423331471909626,12897.160387523782,3326.451345982254,45.96672783608712,0,,,,,
G-2425G-A_BOX_6,G-2425G-A,2026-02-09 15:12:15.375547,-24.90522146994796,2.345378226792379,14485.354773159237,3100.371003927823,50.529858792363925,1,,,,,
G-2425G-A_BOX_6,G-2425G-A,2026-02-09 15:42:15.375547,-19.187636256556964,2.4497730870124372,10751.47338207407,3135.948700605294,74.09576200198055,2,,,,,
G-2425G-A_BOX_7,G-2425G-A,2026-02-09 13:42:15.375547,-28.799736440741754,2.974360450014486,14033.098340702321,3173.09701481916,63.504545526456305,1,,,,,
G-2425G-A_BOX_7,G-2425G-A,2026-02-09 14:12:15.375547,-28.0707085562061,2.01409453286416,14197.166900484252,3359.405857610062,61.297024443092695,1,,,,,
G-2425G-A_BOX_7,G-2425G-A,2026-02-09 14:42:15.375547,-23.931615681795172,1.8186080412379606,8036.426781172777,3135.2947085420674,47.95750550336346,0,,,,,
G-2425G-A_BOX_7,G-2425G-A,2026-02-09 15:12:15.375547,-25.58325498103079,2.2618190510219742,10443.735033006531,3171.71659965918,57.840348636309436,1,,,,,
G-2425G-A_BOX_7,G-2425G-A,2026-02-09 15:42:15.375547,-20.74713891767103,2.0594070769429584,15510.289662368981,3362.0009985171546,45.661747397323836,2,,,,,
G-2425G-A_BOX_8,G-2425G-A,2026-02-09 13:42:15.375547,-21.137240432429053,2.649174764635533,12315.890578457058,3217.3128289174524,57.54035497137034,1,,,,,
G-2425G-A_BOX_8,G-2425G-A,2026-02-09 14:12:15.375547,-25.02821222570789,2.5794652375198854,12837.575448567404,3302.2911419227144,58.636841739579914,1,,,,,
G-2425G-A_BOX_8,G-2425G-A,2026-02-09 14:42:15.375547,-21.785779326712685,1.7825560985510116,9301.851172669027,3345.620501222281,51.28847922462453,0,,,,,
G-2425G-A_BOX_8,G-2425G-A,2026-02-09 15:12:15.375547,-28.771061750238797,1.8075822993360622,9400.722693218646,3387.196866368376,60.05645001257973,1,,,,,
G-2425G-A_BOX_8,G-2425G-A,2026-02-09 15:42:15.375547,-19.67269259523745,2.65032670099325,11574.51274117174,3194.118307358229,61.22298305516814,1,,,,,
G-2425G-A_BOX_9,G-2425G-A,2026-02-09 13:42:15.375547,-27.608019753824703,3.296523254585412,14549.325443700913,3195.2594343630212,73.3479134660453,2,,,,,
G-2425G-A_BOX_9,G-2425G-A,2026-02-09 14:12:15.375547,-20.74799232584432,2.832613771670079,8534.976244564836,3243.470206914422,57.71376441963628,1,,,,,
G-2425G-A_BOX_9,G-2425G-A,2026-02-09 14:42:15.375547,-26.6744864163462,1.659930788718604,14102.150859009387,3136.6105156373187,60.80017626966212,1,,,,,
G-2425G-A_BOX_9,G-2425G-A,2026-02-09 15:12:15.375547,-19.635508261163395,3.252210385196085,9860.89730186872,3355.43459126538,40.01163771421713,0,,,,,
G-2425G-A_BOX_9,G-2425G-A,2026-02-09 15:42:15.375547,-28.823121903867428,2.70510632768573,10600.7848627285,3215.9382523477443,59.755438173760886,1,,,,,
G-2425G-A_BOX_10,G-2425G-A,2026-02-09 13:42:15.375547,-27.082175444081393,1.9235107013309567,11619.11348966035,3326.276063303159,61.68242129926557,1,,,,,
G-2425G-A_BOX_10,G-2425G-A,2026-02-09 14:12:15.375547,-26.02644951763161,2.360674355017842,8950.650447674987,3122.3889443011244,67.39436142604522,2,,,,,
G-2425G-A_BOX_10,G-2425G-A,2026-02-09 14:42:15.375547,-26.346125908118054,1.8555327757024964,13378.753472339215,3285.415502286156,62.161636910471245,1,,,,,
G-2425G-A_BOX_10,G-2425G-A,2026-02-09 15:12:15.375547,-26.711053951533863,1.965291077125362,9376.822353177933,3152.1257786986885,62.950328539657974,1,,,,,
G-2425G-A_BOX_10,G-2425G-A,2026-02-09 15:42:15.375547,-20.519841147505986,2.9486349393533224,14232.795886964617,3221.4395287255597,62.892652838019934,1,,,,,
G-2425G-A_BOX_11,G-2425G-A,2026-02-09 13:42:15.375547,-25.457637595552256,2.55100924393728,11593.89619554633,3153.066143543156,53.547756611747076,0,,,,,
G-2425G-A_BOX_11,G-2425G-A,2026-02-09 14:12:15.375547,-19.36177724517649,1.9971605154298842,8637.331758375654,3225.5741864871807,67.66182075510518,2,,,,,
G-2425G-A_BOX_11,G-2425G-A,2026-02-09 14:42:15.375547,-23.178517702200278,2.861949654476489,9112.406209484756,3285.6844579023164,51.32251382190158,0,,,,,
G-2425G-A_BOX_11,G-2425G-A,2026-02-09 15:12:15.375547,-20.656966340452325,2.7585976120214726,9190.278361090015,3119.385003953226,41.492162325046145,0,,,,,
G-2425G-A_BOX_11,G-2425G-A,2026-02-09 15:42:15.375547,-25.28591432349859,2.031702273308627,12991.766049431319,3249.8001504935855,49.310674730188325,0,,,,,
G-2425G-A_BOX_12,G-2425G-A,2026-02-09 13:42:15.375547,-27.507622220498238,1.7543995253748992,14849.613333193549,3173.04339052146,62.80987267688389,1,,,,,
G-2425G-A_BOX_12,G-2425G-A,2026-02-09 14:12:15.375547,-20.89314072013734,2.728162622369472,14806.304468999038,3217.718116458542,73.4677766727132,2,,,,,
G-2425G-A_BOX_12,G-2425G-A,2026-02-09 14:42:15.375547,-27.66854995821903,1.7042990593150762,13098.88324276327,3382.8493424239787,68.31092115727148,2,,,,,
G-2425G-A_BOX_12,G-2425G-A,2026-02-09 15:12:15.375547,-28.235831405619486,2.0587354278694328,15407.710521121502,3175.917529840235,67.34096483254217,2,,,,,
G-2425G-A_BOX_12,G-2425G-A,2026-02-09 15:42:15.375547,-20.74867804071296,2.4909042069219636,10783.965733710682,3235.037329725928,47.94376430278774,0,,,,,
G-2425G-A_BOX_13,G-2425G-A,2026-02-09 13:42:15.375547,-20.10609083871156,2.4012393134595156,15000.905243876849,3131.708043971882,74.5896344850046,2,,,,,
G-2425G-A_BOX_13,G-2425G-A,2026-02-09 14:12:15.375547,-24.56726912556382,1.595661640788211,7823.185710018367,3323.8621772445517,63.066243697128826,1,,,,,
G-2425G-A_BOX_13,G-2425G-A,2026-02-09 14:42:15.375547,-20.978694418724125,1.710735067905612,7802.352369802161,3252.5737868342735,53.565833101896935,0,,,,,
G-2425G-A_BOX_13,G-2425G-A,2026-02-09 15:12:15.375547,-24.38053063329044,3.483176817740548,15751.374640200696,3382.694616901958,67.43449368686859,2,,,,,
G-2425G-A_BOX_13,G-2425G-A,2026-02-09 15:42:15.375547,-25.451586397431097,2.324261860525543,12171.73637161086,3349.1603369214517,42.40494913813937,0,,,,,
G-2425G-A_BOX_14,G-2425G-A,2026-02-09 13:42:15.375547,-24.757031141151117,1.6652353269185374,11874.589485874847,3369.6702472018706,67.38697235973783,2,,,,,
G-2425G-A_BOX_14,G-2425G-A,2026-02-09 14:12:15.375547,-26.7215758245689,3.451981699197585,13172.478383394642,3103.1283098192207,48.93947196398268,1,,,,,
G-2425G-A_BOX_14,G-2425G-A,2026-02-09 14:42:15.375547,-26.392867000800834,1.6385086125717199,15658.525403645395,3243.4765883727773,71.35351090801586,2,,,,,
G-2425G-A_BOX_14,G-2425G-A,2026-02-09 15:12:15.375547,-25.777844965553715,1.7504671408656542,11531.856934202819,3134.186990414295,57.010542604213896,1,,,,,
G-2425G-A_BOX_14,G-2425G-A,2026-02-09 15:42:15.375547,-19.79702818780592,2.5415362836684254,12740.24767860821,3146.9915310921424,41.530746905798935,0,,,,,
G-2425G-A_BOX_15,G-2425G-A,2026-02-09 13:42:15.375547,-27.89192037820193,2.6970631513687313,8307.59944143459,3212.7978669823933,59.25321791603546,1,,,,,
G-2425G-A_BOX_15,G-2425G-A,2026-02-09 14:12:15.375547,-25.11347201370153,1.827367602930603,9827.226113869905,3378.4952598545733,63.659379645522435,1,,,,,
G-2425G-A_BOX_15,G-2425G-A,2026-02-09 14:42:15.375547,-24.039521613201135,1.525429779973787,15935.530904160496,3301.436480468393,51.09228670707307,2,,,,,
G-2425G-A_BOX_15,G-2425G-A,2026-02-09 15:12:15.375547,-20.20731340002162,2.0168632405836364,12124.140923053388,3290.8212291189475,47.737218000880496,0,,,,,
G-2425G-A_BOX_15,G-2425G-A,2026-02-09 15:42:15.375547,-19.21602721199404,2.996383811957995,12241.412416844094,3154.1783794525904,41.88503724493091,0,,,,,
G-2425G-A_BOX_16,G-2425G-A,2026-02-09 13:42:15.375547,-25.799401674790165,3.006374671826806,9789.316035567213,3261.8668661486518,65.47815118557601,2,,,,,
G-2425G-A_BOX_16,G-2425G-A,2026-02-09 14:12:15.375547,-27.92056285353536,2.870596032231747,8280.90254553538,3389.538922638099,57.09379455227288,1,,,,,
G-2425G-A_BOX_16,G-2425G-A,2026-02-09 14:42:15.375547,-27.493238922901227,2.184767272067093,11014.039819009722,3327.4555033229612,66.01983251268132,2,,,,,
G-2425G-A_BOX_16,G-2425G-A,2026-02-09 15:12:15.375547,-22.88059494662669,1.711861425116986,8788.339658495226,3128.127076193667,60.20104741506425,1,,,,,
G-2425G-A_BOX_16,G-2425G-A,2026-02-09 15:42:15.375547,-20.228615584885958,2.3676010245095434,8867.209478640843,3267.41269754469,68.41132759029985,2,,,,,
G-2425G-A_BOX_17,G-2425G-A,2026-02-09 13:42:15.375547,-21.5828793848707,3.262901559350043,9862.167826615376,3158.1861601803325,70.79357700796785,2,,,,,
G-2425G-A_BOX_17,G-2425G-A,2026-02-09 14:12:15.375547,-22.42439687221977,2.1218578600151083,13809.958429866329,3344.5355153441105,61.524238411939635,1,,,,,
G-2425G-A_BOX_17,G-2425G-A,2026-02-09 14:42:15.375547,-22.12115890120085,2.2505198088853327,12078.913172415832,3257.247751217849,69.68167268957701,2,,,,,
G-2425G-A_BOX_17,G-2425G-A,2026-02-09 15:12:15.375547,-20.600360197178176,3.1653609386940866,7593.768721230959,3324.8636453406666,66.55367365388517,2,,,,,
G-2425G-A_BOX_17,G-2425G-A,2026-02-09 15:42:15.375547,-22.21621177144858,3.0125293157829054,14656.748157722024,3241.095716230536,57.571757472095655,1,,,,,
G-2425G-A_BOX_18,G-2425G-A,2026-02-09 13:42:15.375547,-27.752859430886094,2.2707517660947234,12968.604029250168,3334.1199328441826,47.60231841919237,0,,,,,
G-2425G-A_BOX_18,G-2425G-A,2026-02-09 14:12:15.375547,-27.621771008407645,2.8260840090009847,7515.97900996174,3153.5117752921988,41.017498312038384,0,,,,,
G-2425G-A_BOX_18,G-2425G-A,2026-02-09 14:42:15.375547,-27.33114882145129,1.8626385598510105,10795.22555537835,3220.698137405967,70.59918647135832,2,,,,,
G-2425G-A_BOX_18,G-2425G-A,2026-02-09 15:12:15.375547,-23.89890287501175,2.946809531224573,8385.167542322444,3167.631626639108,64.6030204342537,1,,,,,
G-2425G-A_BOX_18,G-2425G-A,2026-02-09 15:42:15.375547,-28.47196039531472,2.4731953244875062,12594.636208134938,3280.6436932157444,40.80264839438147,0,,,,,
G-2425G-A_BOX_19,G-2425G-A,2026-02-09 13:42:15.375547,-25.778919957708144,2.772981302098308,8766.49775726857,3308.624694498416,66.1073823084786,2,,,,,
G-2425G-A_BOX_19,G-2425G-A,2026-02-09 14:12:15.375547,-19.18030809553855,1.9196839897128188,14513.610675161979,3256.088973075596,53.07119086504607,1,,,,,
G-2425G-A_BOX_19,G-2425G-A,2026-02-09 14:42:15.375547,-27.77623242674822,2.971011212975075,9504.78959272134,3211.426600561914,42.1889779414079,0,,,,,
G-2425G-A_BOX_19,G-2425G-A,2026-02-09 15:12:15.375547,-20.986330841804808,3.033177047943287,13735.734555359657,3189.833053147566,46.071802599308505,1,,,,,
G-2425G-A_BOX_19,G-2425G-A,2026-02-09 15:42:15.375547,-22.624467355297703,2.492332768226439,9015.145968689454,3305.773381314959,74.68942511374563,2,,,,,
G-2425G-A_BOX_20,G-2425G-A,2026-02-09 13:42:15.375547,-21.527804122579624,2.9799727733712236,15577.65839991003,3160.880910272471,59.79424877225041,2,,,,,
G-2425G-A_BOX_20,G-2425G-A,2026-02-09 14:12:15.375547,-19.203532849661165,1.830588221940349,13452.141655278429,3275.7430437915705,60.526768226604744,1,,,,,
G-2425G-A_BOX_20,G-2425G-A,2026-02-09 14:42:15.375547,-22.02329372479925,3.359233845751368,14151.946488736372,3116.840831024863,69.8454806956499,2,,,,,
G-2425G-A_BOX_20,G-2425G-A,2026-02-09 15:12:15.375547,-26.744586700742673,2.2538283294727437,11424.728915705247,3244.2718002259207,55.23131397393749,1,,,,,
G-2425G-A_BOX_20,G-2425G-A,2026-02-09 15:42:15.375547,-19.626467057841356,2.912038015328049,12864.950490632003,3114.9526083348824,71.63696655911312,2,,,,,
G-2425G-A_BOX_21,G-2425G-A,2026-02-09 13:42:15.375547,-19.90609807991604,3.0604261268602047,7559.748232415763,3117.184075323287,47.88282957939714,0,,,,,
G-2425G-A_BOX_21,G-2425G-A,2026-02-09 14:12:15.375547,-27.68650591855093,2.297672059407459,15342.295993746211,3241.6181302590994,40.469091925125795,2,,,,,
G-2425G-A_BOX_21,G-2425G-A,2026-02-09 14:42:15.375547,-26.17254310421238,1.589189816745923,7808.444792214768,3182.7159559286656,49.64643185376309,0,,,,,
G-2425G-A_BOX_21,G-2425G-A,2026-02-09 15:12:15.375547,-21.12873397398396,3.4496693055622236,10655.260298064986,3228.6660636583115,69.56763027001075,2,,,,,
G-2425G-A_BOX_21,G-2425G-A,2026-02-09 15:42:15.375547,-26.318609799044864,1.812763608806896,14751.26179893103,3113.9501759320196,61.68948040697955,1,,,,,
G-2425G-A_BOX_22,G-2425G-A,2026-02-09 13:42:15.375547,-23.380071525331932,2.1918408950033887,10179.110929327551,3331.5573178544864,43.024861376689124,0,,,,,
G-2425G-A_BOX_22,G-2425G-A,2026-02-09 14:12:15.375547,-26.632156906886145,2.96489746367618,12160.724961674605,3138.396462560076,70.8747464998721,2,,,,,
G-2425G-A_BOX_22,G-2425G-A,2026-02-09 14:42:15.375547,-25.065521534364084,3.155736750644346,14195.560631985523,3287.3276339415183,57.306839595328256,1,,,,,
G-2425G-A_BOX_22,G-2425G-A,2026-02-09 15:12:15.375547,-19.20449159618243,1.789930144759634,13663.823684184475,3157.3572104394366,51.83920868663219,1,,,,,
G-2425G-A_BOX_22,G-2425G-A,2026-02-09 15:42:15.375547,-25.913012566268048,3.3940719754774458,15722.52751120034,3154.9046332704183,40.771230610412644,2,,,,,
G-2425G-A_BOX_23,G-2425G-A,2026-02-09 13:42:15.375547,-21.79991960336887,2.335979867740969,8255.142083244296,3305.1262316731127,59.07869348912449,1,,,,,
G-2425G-A_BOX_23,G-2425G-A,2026-02-09 14:12:15.375547,-19.194831779988938,1.9548189917227579,10933.81194877566,3262.7637410186267,67.7094995958673,2,,,,,
G-2425G-A_BOX_23,G-2425G-A,2026-02-09 14:42:15.375547,-23.511613432799415,2.7258003217238986,9422.249938514497,3354.075618426568,55.00206914396665,1,,,,,
G-2425G-A_BOX_23,G-2425G-A,2026-02-09 15:12:15.375547,-27.590403724782306,2.8283758290108345,9336.768852075114,3129.26875307179,70.16954179414952,2,,,,,
G-2425G-A_BOX_23,G-2425G-A,2026-02-09 15:42:15.375547,-24.398377355115603,2.9985674253915526,9969.994258354018,3336.0910404753,43.91775744575356,0,,,,,
G-2425G-A_BOX_24,G-2425G-A,2026-02-09 13:42:15.375547,-25.440266262051473,3.456123635947057,14248.912589128053,3249.1767790944064,51.89221150466598,1,,,,,
G-2425G-A_BOX_24,G-2425G-A,2026-02-09 14:12:15.375547,-20.278642999775236,2.589695518169031,13946.612651887444,3326.232304094849,40.62809874989721,1,,,,,
G-2425G-A_BOX_24,G-2425G-A,2026-02-09 14:42:15.375547,-27.737462172073865,2.8192587327894847,8873.768395929907,3176.6480033966814,73.13232839698625,2,,,,,
G-2425G-A_BOX_24,G-2425G-A,2026-02-09 15:12:15.375547,-23.39817741625088,3.0014590139986943,12242.836279652438,3265.7540844348177,43.295316854399424,0,,,,,
G-2425G-A_BOX_24,G-2425G-A,2026-02-09 15:42:15.375547,-25.56336807390897,2.0648617973730232,10821.191107715713,3339.5032564672983,53.017643377090266,0,,,,,
G-2425G-A_BOX_25,G-2425G-A,2026-02-09 13:42:15.375547,-24.483031807683172,2.294762780970633,8293.967761790012,3232.3216474752353,46.846324556558024,0,,,,,
G-2425G-A_BOX_25,G-2425G-A,2026-02-09 14:12:15.375547,-27.132767042269585,1.6880722088685327,10531.703280205,3327.2445654368253,49.67545917041886,0,,,,,
G-2425G-A_BOX_25,G-2425G-A,2026-02-09 14:42:15.375547,-25.876508981144866,2.785349315344847,9164.64690698881,3369.08737912706,58.20666831380441,1,,,,,
G-2425G-A_BOX_25,G-2425G-A,2026-02-09 15:12:15.375547,-24.52397059679783,2.615640383858403,8911.29166403766,3284.041941591753,52.708525782190364,0,,,,,
G-2425G-A_BOX_25,G-2425G-A,2026-02-09 15:42:15.375547,-20.02813659035381,1.8377084133553723,11809.934382856249,3279.433788810705,41.168426062523345,0,,,,,
G-2425G-A_BOX_26,G-2425G-A,2026-02-09 13:42:15.375547,-25.363068752438597,2.9652704694016654,14473.208813316272,3193.948598445185,67.9507645333963,2,,,,,
G-2425G-A_BOX_26,G-2425G-A,2026-02-09 14:12:15.375547,-19.322441228966113,3.213747872150188,8499.973899354263,3321.919099625662,51.18833913541906,0,,,,,
G-2425G-A_BOX_26,G-2425G-A,2026-02-09 14:42:15.375547,-19.115840105879236,2.470717966319774,8540.688136050998,3317.555664408217,51.305391943517485,0,,,,,
G-2425G-A_BOX_26,G-2425G-A,2026-02-09 15:12:15.375547,-19.02921842918338,3.459564915709044,13077.139153174936,3138.947934685515,64.04013491862602,1,,,,,
G-2425G-A_BOX_26,G-2425G-A,2026-02-09 15:42:15.375547,-28.069695135399726,1.5587283182047846,14495.146792882631,3162.9258843051043,53.26594941766841,1,,,,,
G-2425G-A_BOX_27,G-2425G-A,2026-02-09 13:42:15.375547,-19.26542610023827,2.1736810037222067,10020.16314090818,3375.4623998868324,43.87619558616353,0,,,,,
G-2425G-A_BOX_27,G-2425G-A,2026-02-09 14:12:15.375547,-21.40417589885368,3.476131133305548,15161.016091584515,3295.5003756119277,50.99212782474562,2,,,,,
G-2425G-A_BOX_27,G-2425G-A,2026-02-09 14:42:15.375547,-26.456780188216833,3.1385102097429223,14978.48626858941,3257.630473763708,48.55189792752631,1,,,,,
G-2425G-A_BOX_27,G-2425G-A,2026-02-09 15:12:15.375547,-27.870567915888266,1.6743589356636623,13612.158302507773,3226.0356183543176,71.68759559972546,2,,,,,
G-2425G-A_BOX_27,G-2425G-A,2026-02-09 15:42:15.375547,-21.603286992732365,1.8825208358291734,12717.108059933442,3230.651636319448,60.20374057690145,1,,,,,
G-2425G-A_BOX_28,G-2425G-A,2026-02-09 13:42:15.375547,-21.61930876661483,3.1123917620075816,14671.767274457157,3176.1924623716072,41.08904599710752,1,,,,,
G-2425G-A_BOX_28,G-2425G-A,2026-02-09 14:12:15.375547,-21.60705264835227,1.7126874525115492,10176.816503210226,3101.145140237304,63.8584318840567,1,,,,,
G-2425G-A_BOX_28,G-2425G-A,2026-02-09 14:42:15.375547,-27.328679885287787,2.810564819383316,15929.81224592663,3121.801261483005,42.69773041830113,2,,,,,
G-2425G-A_BOX_28,G-2425G-A,2026-02-09 15:12:15.375547,-25.596199073333253,3.232773028502684,9332.00388472632,3208.1133459791045,42.397689231944284,0,,,,,
G-2425G-A_BOX_28,G-2425G-A,2026-02-09 15:42:15.375547,-21.368447087411106,2.316612685518902,13953.614231017164,3371.0823533040384,48.14671014854511,1,,,,,
G-2425G-A_BOX_29,G-2425G-A,2026-02-09 13:42:15.375547,-20.926039696600487,1.6181877801565066,15140.202799532102,3295.2305642676242,70.59793534484231,2,,,,,
G-2425G-A_BOX_29,G-2425G-A,2026-02-09 14:12:15.375547,-28.99811600443418,1.838162140711985,10812.954793125184,3213.8508710124156,47.93556340232287,0,,,,,
G-2425G-A_BOX_29,G-2425G-A,2026-02-09 14:42:15.375547,-25.183880601328,1.7576974240005097,11008.469598761221,3340.7062987477793,56.76745220861729,1,,,,,
G-2425G-A_BOX_29,G-2425G-A,2026-02-09 15:12:15.375547,-28.81999911054785,2.3428880831584946,7730.987636772175,3389.8730232120397,44.46088857980041,0,,,,,
G-2425G-A_BOX_29,G-2425G-A,2026-02-09 15:42:15.375547,-21.923116736693814,3.4455526457841716,14521.33193916586,3309.794612537861,69.38113183252685,2,,,,,
G-2425G-A_BOX_30,G-2425G-A,2026-02-09 13:42:15.375547,-19.182013067393726,2.742688994507059,12253.070858049276,3288.4714331389846,58.64365603665442,1,,,,,
G-2425G-A_BOX_30,G-2425G-A,2026-02-09 14:12:15.375547,-22.649108940902813,2.3996844159451185,9356.767054508111,3136.0741679535026,42.39193274362911,0,,,,,
G-2425G-A_BOX_30,G-2425G-A,2026-02-09 14:42:15.375547,-26.366842162468,1.5922471286714677,12320.951629314777,3185.148534107056,68.85871828304613,2,,,,,
G-2425G-A_BOX_30,G-2425G-A,2026-02-09 15:12:15.375547,-28.257591270116137,1.9527029886829719,13707.09225026624,3279.6424889150476,42.25719449372087,1,,,,,
G-2425G-A_BOX_30,G-2425G-A,2026-02-09 15:42:15.375547,-20.227605428377995,3.254523525652359,10308.468032944078,3202.1217530048693,74.6159925422561,2,,,,,
