device_id,timestamp,downstream_curr_rate_kbps,downstream_max_rate_kbps,upstream_curr_rate_kbps,upstream_max_rate_kbps,snr_margin_down_db,snr_margin_up_db,attenuation_down_db,attenuation_up_db,crc_errors_total,health_score,root_cause
IGD_021,2026-02-15 20:07:46,2787,10396,1410,1559,17.93,19.46,41.66,42.44,31,0,NORMAL
IGD_027,2026-02-16 14:07:46,3465,18388,2146,2758,9.52,9.13,29.37,34.93,1050,1,Line degradation
IGD_016,2026-02-15 14:07:46,5161,14428,1918,2164,18.16,20.73,27.82,29.98,27,0,NORMAL
IGD_001,2026-02-17 08:07:46,9442,20502,2707,3075,20.82,19.57,23.85,24.41,13,0,NORMAL
IGD_024,2026-02-15 20:07:46,6070,17286,2304,2592,24.76,15.97,40.91,42.66,16,0,NORMAL
IGD_023,2026-02-16 14:07:46,2554,17916,998,2687,16.56,15.2,33.55,37.25,144,1,Configuration / Ports overload
IGD_020,2026-02-16 14:07:46,8741,21505,2809,3225,17.33,21.65,15.99,18.56,32,0,NORMAL
IGD_011,2026-02-17 08:07:46,386,10062,1144,1509,6.58,4.21,63.08,73.29,1550,2,Line degradation
IGD_001,2026-02-16 08:07:46,7179,20502,2827,3075,15.72,19.62,27.65,28.73,54,0,NORMAL
IGD_018,2026-02-16 08:07:46,4930,14953,2065,2242,19.04,18.4,33.47,39.02,26,0,NORMAL
IGD_024,2026-02-16 20:07:46,6479,17286,2221,2592,24.26,15.12,41.08,40.97,37,0,NORMAL
IGD_006,2026-02-16 20:07:46,7180,14606,2056,2190,24.62,19.01,30.29,31.44,33,0,NORMAL
IGD_022,2026-02-17 02:07:46,2256,9331,1248,1399,16.44,18.16,42.81,45.35,19,0,NORMAL
IGD_005,2026-02-16 08:07:46,3134,21418,1739,3212,4.56,4.31,11.5,13.84,1352,2,High Interference / Noise
IGD_019,2026-02-15 14:07:46,5477,15377,1982,2306,19.51,18.97,31.47,33.49,4,0,NORMAL
IGD_023,2026-02-15 08:07:46,2777,17916,1198,2687,17.1,17.34,34.97,39.85,289,1,Configuration / Ports overload
IGD_029,2026-02-17 08:07:46,2396,14752,1214,2212,15.39,16.86,36.17,40.01,171,1,Configuration / Ports overload
IGD_022,2026-02-15 08:07:46,2641,9331,1216,1399,21.91,16.78,47.04,45.01,59,0,NORMAL
IGD_015,2026-02-17 02:07:46,6090,23122,2768,3468,11.93,9.73,20.81,29.26,592,0,NORMAL
IGD_017,2026-02-16 08:07:46,2528,8440,1198,1266,25.74,21.75,47.46,48.08,23,0,NORMAL
IGD_008,2026-02-17 02:07:46,13813,23536,3352,3530,23.54,12.88,15.36,19.47,7,0,NORMAL
IGD_012,2026-02-15 20:07:46,1563,22898,1433,3434,3.53,2.53,25.8,31.98,866,2,High Interference / Noise
IGD_025,2026-02-17 08:07:46,7348,17001,2305,2550,23.29,20.43,30.29,35.66,22,0,NORMAL
IGD_026,2026-02-15 02:07:46,1266,8657,493,1298,17.03,11.39,40.92,44.13,170,1,Configuration / Ports overload
IGD_011,2026-02-16 02:07:46,1169,10062,1165,1509,13.92,12.1,54.63,60.82,716,0,NORMAL
IGD_005,2026-02-15 14:07:46,2565,21418,1703,3212,6.68,2.3,14.64,18.66,1737,2,High Interference / Noise
IGD_029,2026-02-15 08:07:46,2497,14752,1063,2212,20.04,15.67,38.48,38.11,162,1,Configuration / Ports overload
IGD_030,2026-02-16 08:07:46,2017,12688,1475,1903,10.09,12.49,31.95,35.91,598,1,Crosstalk / Saturation
IGD_016,2026-02-16 20:07:46,5987,14428,1979,2164,22.24,20.53,27.64,32.04,24,0,NORMAL
IGD_024,2026-02-17 02:07:46,4775,17286,2258,2592,17.33,14.68,41.13,45.48,48,0,NORMAL
IGD_002,2026-02-16 20:07:46,5614,19229,1044,2884,20.54,19.1,19.34,18.63,76,1,Configuration / Ports overload
IGD_017,2026-02-16 02:07:46,2134,8440,1119,1266,18.69,20.51,44.3,47.2,40,0,NORMAL
IGD_004,2026-02-15 20:07:46,4034,16661,1135,2499,22.61,17.79,27.15,31.02,149,1,Configuration / Ports overload
IGD_003,2026-02-16 02:07:46,4953,21370,1181,3205,20.58,17.41,18.75,23.47,107,1,Configuration / Ports overload
IGD_022,2026-02-16 08:07:46,3290,9331,1218,1399,25.41,17.78,41.05,43.41,46,0,NORMAL
IGD_012,2026-02-17 08:07:46,2142,22898,1710,3434,3.23,1.5,20.95,28.9,1620,2,High Interference / Noise
IGD_001,2026-02-16 20:07:46,10564,20502,2660,3075,24.16,20.41,26.86,33.36,6,0,NORMAL
IGD_010,2026-02-15 02:07:46,2340,8653,981,1297,20.89,17.69,42.06,49.33,50,0,NORMAL
IGD_005,2026-02-16 14:07:46,2105,21418,1707,3212,5.16,5.86,17.67,25.09,1369,2,High Interference / Noise
IGD_008,2026-02-15 20:07:46,14007,23536,3263,3530,21.83,18.9,14.88,15.65,53,0,NORMAL
IGD_010,2026-02-15 20:07:46,1421,8653,949,1297,14.52,13.76,49.52,57.53,550,0,NORMAL
IGD_008,2026-02-16 14:07:46,13586,23536,3038,3530,23.31,17.57,14.39,20.06,36,0,NORMAL
IGD_029,2026-02-16 14:07:46,2042,14752,1124,2212,16.34,17.07,35.56,36.21,97,1,Configuration / Ports overload
IGD_007,2026-02-15 02:07:46,5468,20234,1151,3035,21.74,10.78,25.91,25.43,256,1,Configuration / Ports overload
IGD_008,2026-02-16 20:07:46,10807,23536,3046,3530,17.72,14.52,13.0,17.71,11,0,NORMAL
IGD_007,2026-02-15 20:07:46,3425,20234,1466,3035,16.15,18.94,21.21,22.2,274,1,Configuration / Ports overload
IGD_024,2026-02-16 02:07:46,6033,17286,2409,2592,22.81,19.86,40.32,46.13,6,0,NORMAL
IGD_023,2026-02-17 08:07:46,3859,17916,1270,2687,22.31,17.64,34.64,40.61,219,1,Configuration / Ports overload
IGD_012,2026-02-15 08:07:46,2917,22898,2010,3434,6.17,3.83,22.57,26.85,1475,2,High Interference / Noise
IGD_024,2026-02-15 08:07:46,5437,17286,2306,2592,19.97,18.67,37.35,40.41,14,0,NORMAL
IGD_019,2026-02-15 02:07:46,7603,15377,2015,2306,23.44,15.23,30.62,27.76,9,0,NORMAL
IGD_015,2026-02-16 02:07:46,5508,23122,2245,3468,13.6,7.02,22.95,30.66,574,0,NORMAL
IGD_024,2026-02-17 08:07:46,6668,17286,2361,2592,23.87,19.24,37.88,40.93,26,0,NORMAL
IGD_008,2026-02-16 08:07:46,14477,23536,3221,3530,24.67,19.21,17.07,17.78,40,0,NORMAL
IGD_030,2026-02-16 20:07:46,966,12688,1445,1903,4.9,8.51,35.89,40.06,576,1,Crosstalk / Saturation
IGD_028,2026-02-17 02:07:46,4014,12544,1785,1881,16.71,17.81,32.78,37.04,0,0,NORMAL
IGD_010,2026-02-16 20:07:46,570,8653,871,1297,9.17,7.29,61.84,62.49,1216,1,Line degradation
IGD_010,2026-02-15 14:07:46,1584,8653,1026,1297,16.63,13.89,48.36,50.28,383,0,NORMAL
IGD_020,2026-02-15 14:07:46,12527,21505,2832,3225,22.62,17.07,13.05,15.72,45,0,NORMAL
IGD_003,2026-02-16 08:07:46,6034,21370,1323,3205,21.84,15.11,19.52,22.6,113,1,Configuration / Ports overload
IGD_024,2026-02-15 14:07:46,5059,17286,2458,2592,17.58,22.48,39.33,40.09,39,0,NORMAL
IGD_006,2026-02-17 08:07:46,5767,14606,1989,2190,19.05,18.72,28.3,26.85,55,0,NORMAL
IGD_001,2026-02-16 14:07:46,9105,20502,2826,3075,19.01,16.88,19.67,26.77,5,0,NORMAL
IGD_019,2026-02-16 08:07:46,6893,15377,2147,2306,22.45,18.34,32.32,35.61,20,0,NORMAL
IGD_018,2026-02-15 20:07:46,3995,14953,2117,2242,17.48,13.65,41.4,42.4,48,0,NORMAL
IGD_004,2026-02-15 02:07:46,4180,16661,1094,2499,18.75,17.82,25.92,27.28,158,1,Configuration / Ports overload
IGD_003,2026-02-15 14:07:46,6582,21370,1525,3205,21.23,16.87,17.43,21.97,238,1,Configuration / Ports overload
IGD_026,2026-02-16 14:07:46,1188,8657,682,1298,14.96,16.35,42.43,42.33,176,1,Configuration / Ports overload
IGD_006,2026-02-16 14:07:46,4657,14606,1945,2190,17.83,18.45,29.83,32.78,11,0,NORMAL
IGD_019,2026-02-16 14:07:46,6219,15377,2007,2306,21.09,13.48,31.74,34.4,38,0,NORMAL
IGD_011,2026-02-17 02:07:46,496,10062,976,1509,7.62,6.24,61.36,68.06,1383,2,Line degradation
IGD_013,2026-02-16 14:07:46,894,11369,1362,1705,10.58,9.24,57.8,63.57,1050,1,Line degradation
IGD_024,2026-02-15 02:07:46,6084,17286,2295,2592,22.04,15.33,39.13,42.47,17,0,NORMAL
IGD_020,2026-02-15 20:07:46,9388,21505,2840,3225,17.05,14.7,17.39,23.83,24,0,NORMAL
IGD_013,2026-02-17 08:07:46,436,11369,1186,1705,4.7,6.06,64.55,72.42,1550,2,Line degradation
IGD_029,2026-02-15 14:07:46,1622,14752,1149,2212,12.92,11.57,36.31,41.2,297,1,Configuration / Ports overload
IGD_009,2026-02-15 14:07:46,3333,14102,1485,2115,16.8,15.28,40.85,45.66,383,0,NORMAL
IGD_009,2026-02-16 02:07:46,2245,14102,1326,2115,14.13,11.71,44.91,53.18,716,0,NORMAL
IGD_007,2026-02-16 14:07:46,5441,20234,1604,3035,19.58,17.75,23.85,26.23,289,1,Configuration / Ports overload
IGD_029,2026-02-17 02:07:46,2991,14752,923,2212,20.76,14.94,32.76,40.23,83,1,Configuration / Ports overload
IGD_017,2026-02-15 20:07:46,2158,8440,1137,1266,18.48,17.08,44.19,45.67,17,0,NORMAL
IGD_016,2026-02-16 02:07:46,6046,14428,1885,2164,23.83,13.95,28.86,35.17,4,0,NORMAL
IGD_002,2026-02-17 08:07:46,5049,19229,1217,2884,19.12,13.68,20.02,24.77,199,1,Configuration / Ports overload
IGD_013,2026-02-16 02:07:46,1527,11369,1208,1705,13.58,11.04,53.54,62.55,716,0,NORMAL
IGD_008,2026-02-17 08:07:46,14153,23536,3278,3530,24.12,16.05,14.63,15.91,41,0,NORMAL
IGD_012,2026-02-16 02:07:46,1706,22898,1689,3434,3.73,3.96,20.79,26.67,1175,2,High Interference / Noise
IGD_012,2026-02-17 02:07:46,2770,22898,1443,3434,5.7,6.04,23.2,25.64,1244,2,High Interference / Noise
IGD_008,2026-02-15 14:07:46,10892,23536,3282,3530,19.45,15.4,16.79,16.43,20,0,NORMAL
IGD_002,2026-02-16 08:07:46,5222,19229,1165,2884,19.03,12.39,17.8,19.65,75,1,Configuration / Ports overload
IGD_002,2026-02-15 02:07:46,3525,19229,1335,2884,15.96,17.04,19.46,24.41,164,1,Configuration / Ports overload
IGD_020,2026-02-16 02:07:46,11102,21505,2768,3225,21.65,16.24,15.36,15.35,9,0,NORMAL
IGD_011,2026-02-15 08:07:46,2200,10062,1182,1509,19.12,14.43,47.58,57.41,216,0,NORMAL
IGD_007,2026-02-17 02:07:46,3780,20234,1546,3035,14.85,13.59,22.92,25.71,203,1,Configuration / Ports overload
IGD_023,2026-02-16 02:07:46,2806,17916,1056,2687,15.38,11.18,32.77,35.95,170,1,Configuration / Ports overload
IGD_004,2026-02-16 20:07:46,3644,16661,1123,2499,21.19,14.13,29.25,34.14,194,1,Configuration / Ports overload
IGD_002,2026-02-16 14:07:46,4925,19229,1458,2884,19.25,13.23,20.2,24.45,295,1,Configuration / Ports overload
IGD_018,2026-02-17 08:07:46,4568,14953,2007,2242,18.14,15.72,38.65,41.15,41,0,NORMAL
IGD_015,2026-02-16 20:07:46,4359,23122,2679,3468,7.07,7.46,18.64,29.78,369,1,Crosstalk / Saturation
IGD_028,2026-02-16 02:07:46,3829,12544,1605,1881,17.9,12.81,35.59,37.95,8,0,NORMAL
IGD_007,2026-02-16 20:07:46,4891,20234,1451,3035,19.63,15.28,24.08,24.85,245,1,Configuration / Ports overload
IGD_023,2026-02-17 02:07:46,2417,17916,1165,2687,16.63,11.71,35.8,39.78,144,1,Configuration / Ports overload
IGD_007,2026-02-17 08:07:46,3632,20234,1445,3035,18.59,10.43,27.7,27.09,150,1,Configuration / Ports overload
IGD_004,2026-02-15 08:07:46,2655,16661,918,2499,16.07,17.2,25.04,31.4,169,1,Configuration / Ports overload
IGD_019,2026-02-15 20:07:46,7097,15377,2066,2306,23.68,22.14,27.04,33.88,23,0,NORMAL
IGD_027,2026-02-16 08:07:46,4136,18388,1760,2758,13.13,10.91,27.24,35.47,883,0,NORMAL
IGD_023,2026-02-16 08:07:46,2114,17916,1271,2687,14.77,9.71,34.75,37.55,105,1,Configuration / Ports overload
IGD_015,2026-02-15 02:07:46,5494,23122,2286,3468,12.5,6.67,23.18,26.92,512,0,NORMAL
IGD_002,2026-02-17 02:07:46,3364,19229,1452,2884,13.13,16.46,20.57,24.6,127,1,Configuration / Ports overload
IGD_019,2026-02-15 08:07:46,5194,15377,1992,2306,17.28,22.09,26.75,29.16,51,0,NORMAL
IGD_010,2026-02-16 14:07:46,708,8653,960,1297,10.39,8.9,58.72,64.04,1050,1,Line degradation
IGD_014,2026-02-15 14:07:46,4093,16626,1335,2493,19.93,10.29,29.75,31.39,243,1,Configuration / Ports overload
IGD_027,2026-02-15 14:07:46,5626,18388,1892,2758,16.03,14.55,19.35,24.61,383,0,NORMAL
IGD_009,2026-02-16 14:07:46,1393,14102,1384,2115,10.95,9.16,51.62,55.03,1050,1,Line degradation
IGD_025,2026-02-17 02:07:46,5821,17001,2291,2550,15.49,19.28,28.54,32.27,38,0,NORMAL
IGD_025,2026-02-16 08:07:46,6915,17001,2238,2550,21.55,18.13,27.43,30.86,44,0,NORMAL
IGD_012,2026-02-16 14:07:46,2237,22898,1791,3434,5.07,4.37,23.12,29.26,1056,2,High Interference / Noise
IGD_015,2026-02-16 14:07:46,4675,23122,2141,3468,10.03,9.62,20.91,27.92,520,0,NORMAL
IGD_030,2026-02-15 14:07:46,1588,12688,1257,1903,9.5,8.44,35.86,40.91,490,1,Crosstalk / Saturation
IGD_020,2026-02-16 20:07:46,12518,21505,2928,3225,23.86,12.96,15.32,19.18,15,0,NORMAL
IGD_021,2026-02-16 14:07:46,3366,10396,1427,1559,22.28,16.84,45.63,47.01,50,0,NORMAL
IGD_006,2026-02-16 08:07:46,5352,14606,2038,2190,16.91,16.35,26.21,27.97,41,0,NORMAL
IGD_018,2026-02-15 14:07:46,6170,14953,2125,2242,24.82,14.03,40.62,41.06,19,0,NORMAL
IGD_019,2026-02-16 02:07:46,6633,15377,2032,2306,21.46,18.59,29.09,30.96,27,0,NORMAL
IGD_017,2026-02-16 20:07:46,2193,8440,1081,1266,21.24,17.93,48.6,48.98,58,0,NORMAL
IGD_014,2026-02-17 08:07:46,3766,16626,1091,2493,18.08,12.37,27.12,25.46,78,1,Configuration / Ports overload
IGD_026,2026-02-15 20:07:46,1284,8657,587,1298,21.74,14.6,45.53,46.89,165,1,Configuration / Ports overload
IGD_004,2026-02-17 02:07:46,3222,16661,935,2499,13.32,17.33,28.67,31.27,162,1,Configuration / Ports overload
IGD_013,2026-02-16 08:07:46,1253,11369,1340,1705,12.85,10.63,55.42,61.03,883,0,NORMAL
IGD_020,2026-02-16 08:07:46,9397,21505,3043,3225,17.65,17.76,14.84,17.27,17,0,NORMAL
IGD_029,2026-02-15 20:07:46,2031,14752,939,2212,13.42,17.8,39.36,43.39,250,1,Configuration / Ports overload
IGD_014,2026-02-16 20:07:46,2611,16626,1180,2493,15.53,14.04,28.83,35.91,263,1,Configuration / Ports overload
IGD_012,2026-02-15 14:07:46,3275,22898,1447,3434,7.41,2.72,22.82,21.51,1216,2,High Interference / Noise
IGD_017,2026-02-17 02:07:46,2405,8440,1099,1266,20.24,14.83,44.96,45.61,8,0,NORMAL
IGD_012,2026-02-16 20:07:46,1927,22898,2124,3434,5.8,1.02,24.55,27.35,1135,2,High Interference / Noise
IGD_028,2026-02-16 20:07:46,4423,12544,1753,1881,21.22,21.62,34.98,35.58,13,0,NORMAL
IGD_028,2026-02-15 08:07:46,5294,12544,1679,1881,23.94,13.18,38.34,41.12,19,0,NORMAL
IGD_016,2026-02-16 08:07:46,4773,14428,1889,2164,16.15,15.12,31.89,35.1,31,0,NORMAL
IGD_018,2026-02-16 14:07:46,5889,14953,2120,2242,23.19,21.8,38.96,43.09,41,0,NORMAL
IGD_018,2026-02-17 02:07:46,6280,14953,2120,2242,22.61,18.6,33.28,36.64,58,0,NORMAL
IGD_001,2026-02-15 14:07:46,10467,20502,2775,3075,22.37,14.38,20.94,23.03,21,0,NORMAL
IGD_012,2026-02-16 08:07:46,2536,22898,1668,3434,5.96,3.44,21.43,28.86,1427,2,High Interference / Noise
IGD_015,2026-02-15 20:07:46,2392,23122,2516,3468,3.77,6.12,24.58,29.24,388,1,Crosstalk / Saturation
IGD_018,2026-02-16 20:07:46,5515,14953,1929,2242,24.45,21.03,37.34,41.72,39,0,NORMAL
IGD_013,2026-02-15 02:07:46,2513,11369,1361,1705,19.62,18.82,42.86,51.66,50,0,NORMAL
IGD_022,2026-02-15 02:07:46,2300,9331,1226,1399,15.95,15.02,43.28,46.66,18,0,NORMAL
IGD_027,2026-02-15 02:07:46,8797,18388,1929,2758,20.19,16.38,15.97,20.39,50,0,NORMAL
IGD_013,2026-02-16 20:07:46,675,11369,1028,1705,8.9,7.67,61.04,67.04,1216,1,Line degradation
IGD_008,2026-02-16 02:07:46,14098,23536,3159,3530,24.6,14.17,18.87,19.21,40,0,NORMAL
IGD_003,2026-02-17 08:07:46,4013,21370,1437,3205,19.44,18.04,21.72,25.11,246,1,Configuration / Ports overload
IGD_009,2026-02-15 20:07:46,2823,14102,1448,2115,14.65,12.86,42.1,49.83,550,0,NORMAL
IGD_027,2026-02-17 08:07:46,1813,18388,1794,2758,5.8,6.3,34.97,41.96,1550,2,Line degradation
IGD_011,2026-02-16 20:07:46,625,10062,955,1509,9.34,6.78,59.17,68.13,1216,1,Line degradation
IGD_023,2026-02-15 20:07:46,2921,17916,1031,2687,21.1,12.26,35.77,39.19,264,1,Configuration / Ports overload
IGD_016,2026-02-17 02:07:46,5813,14428,2024,2164,21.13,16.5,29.94,35.18,37,0,NORMAL
IGD_029,2026-02-15 02:07:46,2334,14752,801,2212,20.89,11.35,36.46,40.56,240,1,Configuration / Ports overload
IGD_025,2026-02-16 14:07:46,6545,17001,2230,2550,19.75,18.45,25.43,32.56,12,0,NORMAL
IGD_023,2026-02-15 14:07:46,2230,17916,1181,2687,17.59,12.13,35.47,38.18,167,1,Configuration / Ports overload
IGD_007,2026-02-16 08:07:46,3520,20234,1340,3035,13.41,11.17,23.55,28.75,271,1,Configuration / Ports overload
IGD_020,2026-02-17 02:07:46,9840,21505,2802,3225,18.77,17.5,15.6,16.11,58,0,NORMAL
IGD_009,2026-02-16 08:07:46,1823,14102,1357,2115,11.66,10.01,48.03,54.54,883,0,NORMAL
IGD_022,2026-02-15 20:07:46,2362,9331,1298,1399,18.47,20.53,46.74,52.29,31,0,NORMAL
IGD_016,2026-02-17 08:07:46,5971,14428,1904,2164,21.52,16.28,32.82,32.2,41,0,NORMAL
IGD_002,2026-02-15 14:07:46,4076,19229,1123,2884,17.65,16.05,19.92,21.45,96,1,Configuration / Ports overload
IGD_004,2026-02-16 08:07:46,2780,16661,985,2499,17.67,16.31,29.64,35.54,263,1,Configuration / Ports overload
IGD_003,2026-02-17 02:07:46,4263,21370,1627,3205,13.1,12.39,18.49,23.06,229,1,Configuration / Ports overload
IGD_015,2026-02-15 14:07:46,6143,23122,2707,3468,13.45,10.22,22.97,27.91,578,0,NORMAL
IGD_029,2026-02-16 02:07:46,2413,14752,1173,2212,14.43,16.81,33.29,34.09,129,1,Configuration / Ports overload
IGD_026,2026-02-16 02:07:46,972,8657,468,1298,15.76,18.39,44.93,48.1,242,1,Configuration / Ports overload
IGD_018,2026-02-15 02:07:46,6213,14953,1969,2242,25.98,16.08,35.07,42.1,59,0,NORMAL
IGD_006,2026-02-15 08:07:46,4812,14606,1994,2190,15.96,22.25,27.68,29.33,45,0,NORMAL
IGD_010,2026-02-16 08:07:46,890,8653,968,1297,11.88,11.38,54.09,57.78,883,0,NORMAL
IGD_021,2026-02-17 02:07:46,2874,10396,1425,1559,19.24,13.92,42.83,45.42,1,0,NORMAL
IGD_025,2026-02-16 20:07:46,6311,17001,2169,2550,18.7,16.62,30.38,30.57,18,0,NORMAL
IGD_005,2026-02-15 08:07:46,2557,21418,1586,3212,6.24,5.37,17.32,20.46,1926,2,High Interference / Noise
IGD_009,2026-02-17 08:07:46,794,14102,1468,2115,4.92,5.04,57.39,60.88,1550,2,Line degradation
IGD_025,2026-02-16 02:07:46,6174,17001,2246,2550,19.35,19.21,31.29,33.1,58,0,NORMAL
IGD_014,2026-02-16 14:07:46,2934,16626,1186,2493,17.9,18.64,29.61,35.17,258,1,Configuration / Ports overload
IGD_003,2026-02-16 14:07:46,5540,21370,1523,3205,21.31,11.99,20.15,21.42,101,1,Configuration / Ports overload
IGD_030,2026-02-15 20:07:46,1050,12688,1394,1903,4.37,4.78,38.54,45.07,284,1,Crosstalk / Saturation
IGD_015,2026-02-15 08:07:46,3878,23122,2507,3468,11.72,9.86,28.96,32.78,353,1,Crosstalk / Saturation
IGD_021,2026-02-15 02:07:46,3189,10396,1330,1559,20.69,14.23,42.98,46.25,59,0,NORMAL
IGD_001,2026-02-15 02:07:46,10872,20502,2633,3075,24.62,16.92,21.67,23.85,23,0,NORMAL
IGD_027,2026-02-17 02:07:46,2136,18388,1960,2758,7.32,5.22,31.63,35.85,1383,2,Line degradation
IGD_028,2026-02-15 14:07:46,4454,12544,1660,1881,19.78,15.65,36.17,38.51,28,0,NORMAL
IGD_011,2026-02-15 02:07:46,2587,10062,1068,1509,20.56,14.73,42.91,49.29,50,0,NORMAL
IGD_026,2026-02-17 08:07:46,1091,8657,595,1298,14.35,15.06,43.02,48.12,140,1,Configuration / Ports overload
IGD_026,2026-02-16 08:07:46,1174,8657,680,1298,18.2,11.04,45.84,50.7,218,1,Configuration / Ports overload
IGD_018,2026-02-15 08:07:46,4664,14953,2063,2242,19.51,19.58,37.15,41.32,14,0,NORMAL
IGD_010,2026-02-17 02:07:46,496,8653,780,1297,9.2,5.79,61.09,70.64,1383,2,Line degradation
IGD_004,2026-02-16 14:07:46,3359,16661,1359,2499,18.55,17.99,28.88,33.64,199,1,Configuration / Ports overload
IGD_007,2026-02-15 08:07:46,4818,20234,1401,3035,18.06,11.17,24.38,27.98,229,1,Configuration / Ports overload
IGD_016,2026-02-15 02:07:46,6638,14428,1842,2164,25.65,15.22,31.97,31.94,51,0,NORMAL
IGD_024,2026-02-16 14:07:46,4374,17286,2384,2592,16.54,18.83,39.96,44.08,41,0,NORMAL
IGD_021,2026-02-15 14:07:46,3936,10396,1467,1559,24.35,18.69,41.47,45.81,11,0,NORMAL
IGD_025,2026-02-15 14:07:46,5497,17001,2369,2550,16.33,18.23,27.48,32.29,45,0,NORMAL
IGD_002,2026-02-15 08:07:46,3035,19229,1155,2884,13.65,11.7,21.15,24.77,198,1,Configuration / Ports overload
IGD_030,2026-02-16 14:07:46,2007,12688,1149,1903,12.57,11.26,37.59,42.17,550,0,NORMAL
IGD_027,2026-02-16 20:07:46,2858,18388,1728,2758,9.3,7.68,30.94,37.6,1216,1,Line degradation
IGD_003,2026-02-16 20:07:46,3197,21370,1490,3205,13.29,15.11,18.13,21.92,262,1,Configuration / Ports overload
IGD_022,2026-02-17 08:07:46,2972,9331,1216,1399,23.48,18.5,46.81,51.75,14,0,NORMAL
IGD_001,2026-02-16 02:07:46,8492,20502,2653,3075,19.76,15.44,23.04,25.77,5,0,NORMAL
IGD_013,2026-02-15 14:07:46,1846,11369,1213,1705,16.62,13.01,49.03,59.85,383,0,NORMAL
IGD_004,2026-02-15 14:07:46,3134,16661,1126,2499,17.42,12.78,30.36,31.16,138,1,Configuration / Ports overload
IGD_021,2026-02-16 02:07:46,2527,10396,1411,1559,16.38,19.56,44.0,43.85,21,0,NORMAL
IGD_017,2026-02-15 14:07:46,2055,8440,1181,1266,16.55,14.36,45.56,46.71,28,0,NORMAL
IGD_021,2026-02-17 08:07:46,3044,10396,1337,1559,20.38,18.42,40.54,40.24,27,0,NORMAL
IGD_029,2026-02-16 08:07:46,2687,14752,843,2212,17.43,15.44,37.33,39.39,120,1,Configuration / Ports overload
IGD_014,2026-02-17 02:07:46,3732,16626,1153,2493,17.67,13.17,26.62,32.18,196,1,Configuration / Ports overload
IGD_007,2026-02-15 14:07:46,4226,20234,1544,3035,14.89,14.53,22.37,25.87,114,1,Configuration / Ports overload
IGD_014,2026-02-16 08:07:46,3077,16626,1027,2493,18.06,11.62,25.21,31.82,172,1,Configuration / Ports overload
IGD_013,2026-02-17 02:07:46,616,11369,1245,1705,7.43,6.03,61.77,67.6,1383,2,Line degradation
IGD_030,2026-02-15 02:07:46,1942,12688,1297,1903,9.83,7.94,34.52,43.21,170,1,Crosstalk / Saturation
IGD_001,2026-02-17 02:07:46,10915,20502,2826,3075,22.8,18.97,24.41,28.67,32,0,NORMAL
IGD_008,2026-02-15 02:07:46,10288,23536,3127,3530,15.69,20.77,14.76,18.48,33,0,NORMAL
IGD_027,2026-02-16 02:07:46,4932,18388,2071,2758,14.86,12.86,23.57,30.26,716,0,NORMAL
IGD_007,2026-02-16 02:07:46,3830,20234,1388,3035,15.61,18.39,22.77,24.34,290,1,Configuration / Ports overload
IGD_005,2026-02-16 02:07:46,2012,21418,1916,3212,1.92,5.53,17.88,23.67,1510,2,High Interference / Noise
IGD_028,2026-02-17 08:07:46,4586,12544,1767,1881,23.55,17.09,36.7,42.47,31,0,NORMAL
IGD_016,2026-02-16 14:07:46,4659,14428,1845,2164,16.34,16.5,32.81,34.31,35,0,NORMAL
IGD_005,2026-02-15 02:07:46,2784,21418,1285,3212,7.56,6.25,19.57,23.23,910,2,High Interference / Noise
IGD_013,2026-02-15 20:07:46,1813,11369,1279,1705,15.26,12.28,50.71,60.18,550,0,NORMAL
IGD_028,2026-02-16 08:07:46,4715,12544,1613,1881,21.96,15.55,34.54,37.14,45,0,NORMAL
IGD_022,2026-02-16 14:07:46,2321,9331,1210,1399,17.26,17.29,42.23,45.48,33,0,NORMAL
IGD_016,2026-02-15 20:07:46,6214,14428,1851,2164,21.84,21.12,30.38,27.43,14,0,NORMAL
IGD_003,2026-02-15 20:07:46,4551,21370,1544,3205,18.19,13.99,21.2,23.68,209,1,Configuration / Ports overload
IGD_027,2026-02-15 08:07:46,7301,18388,2107,2758,17.62,14.67,19.37,21.67,216,0,NORMAL
IGD_012,2026-02-15 02:07:46,2209,22898,2224,3434,5.92,4.87,25.56,32.45,1081,2,High Interference / Noise
IGD_009,2026-02-15 08:07:46,3789,14102,1569,2115,20.2,16.64,39.29,45.06,216,0,NORMAL
IGD_021,2026-02-16 20:07:46,3323,10396,1341,1559,23.5,22.17,43.61,44.73,57,0,NORMAL
IGD_022,2026-02-15 14:07:46,2939,9331,1303,1399,24.36,17.13,45.88,49.51,55,0,NORMAL
IGD_004,2026-02-17 08:07:46,3137,16661,1131,2499,15.27,10.94,27.0,30.82,278,1,Configuration / Ports overload
IGD_025,2026-02-15 02:07:46,8122,17001,2342,2550,23.75,19.59,27.69,27.91,28,0,NORMAL
IGD_030,2026-02-15 08:07:46,2045,12688,1485,1903,9.89,11.83,31.39,41.73,504,0,NORMAL
IGD_026,2026-02-17 02:07:46,959,8657,696,1298,15.07,15.13,46.52,49.31,191,1,Configuration / Ports overload
IGD_020,2026-02-17 08:07:46,12829,21505,3028,3225,23.9,19.6,18.47,18.07,11,0,NORMAL
IGD_002,2026-02-16 02:07:46,4482,19229,1541,2884,18.86,13.64,20.22,25.04,181,1,Configuration / Ports overload
IGD_005,2026-02-16 20:07:46,2728,21418,1332,3212,7.3,6.59,17.41,20.1,1917,2,High Interference / Noise
IGD_010,2026-02-16 02:07:46,1224,8653,811,1297,14.08,12.16,54.58,56.92,716,0,NORMAL
IGD_027,2026-02-15 20:07:46,5156,18388,1984,2758,16.67,13.58,22.16,30.46,550,0,NORMAL
IGD_023,2026-02-16 20:07:46,3781,17916,1075,2687,20.56,18.45,31.91,36.11,206,1,Configuration / Ports overload
IGD_028,2026-02-15 20:07:46,3969,12544,1618,1881,19.9,15.66,37.08,42.53,48,0,NORMAL
IGD_021,2026-02-15 08:07:46,3603,10396,1461,1559,23.23,13.53,39.41,44.09,2,0,NORMAL
IGD_017,2026-02-15 08:07:46,2516,8440,1119,1266,23.38,14.08,45.25,48.74,8,0,NORMAL
IGD_005,2026-02-15 20:07:46,2125,21418,1865,3212,5.5,2.67,13.71,21.94,1177,2,High Interference / Noise
IGD_022,2026-02-16 20:07:46,3097,9331,1190,1399,22.72,15.08,43.42,48.6,2,0,NORMAL
IGD_015,2026-02-16 08:07:46,4699,23122,2341,3468,13.67,12.79,21.07,32.06,421,0,NORMAL
IGD_020,2026-02-15 02:07:46,10968,21505,3036,3225,20.83,21.03,17.43,19.62,38,0,NORMAL
IGD_023,2026-02-15 02:07:46,3618,17916,1007,2687,17.96,17.16,32.77,36.71,178,1,Configuration / Ports overload
IGD_026,2026-02-15 08:07:46,915,8657,670,1298,16.74,18.49,41.89,46.31,119,1,Configuration / Ports overload
IGD_001,2026-02-15 20:07:46,9846,20502,2623,3075,23.15,18.81,25.58,28.15,48,0,NORMAL
IGD_011,2026-02-16 08:07:46,997,10062,921,1509,11.92,9.86,57.02,60.03,883,0,NORMAL
IGD_006,2026-02-15 20:07:46,6608,14606,1903,2190,23.16,19.64,28.76,33.17,2,0,NORMAL
IGD_014,2026-02-15 20:07:46,4262,16626,1253,2493,20.12,18.54,27.91,27.11,194,1,Configuration / Ports overload
IGD_001,2026-02-15 08:07:46,8668,20502,2791,3075,20.13,19.45,27.25,28.19,21,0,NORMAL
IGD_014,2026-02-15 08:07:46,2855,16626,1120,2493,16.11,17.16,27.83,27.78,240,1,Configuration / Ports overload
IGD_011,2026-02-15 20:07:46,1439,10062,953,1509,15.79,13.13,50.75,59.83,550,0,NORMAL
IGD_005,2026-02-17 08:07:46,2632,21418,1780,3212,5.71,5.06,13.36,21.47,1825,2,High Interference / Noise
IGD_009,2026-02-15 02:07:46,4404,14102,1320,2115,19.4,17.02,35.21,43.56,50,0,NORMAL
IGD_021,2026-02-16 08:07:46,3607,10396,1379,1559,24.97,18.16,44.0,47.34,53,0,NORMAL
IGD_004,2026-02-16 02:07:46,4267,16661,954,2499,22.51,11.27,28.47,27.95,106,1,Configuration / Ports overload
IGD_010,2026-02-15 08:07:46,1804,8653,785,1297,16.92,15.47,48.42,55.69,216,0,NORMAL
IGD_006,2026-02-15 14:07:46,6169,14606,2032,2190,20.87,19.36,32.32,33.83,15,0,NORMAL
IGD_025,2026-02-15 08:07:46,7935,17001,2286,2550,22.82,19.14,30.14,31.34,41,0,NORMAL
IGD_002,2026-02-15 20:07:46,4103,19229,1478,2884,21.97,15.45,23.73,23.35,208,1,Configuration / Ports overload
IGD_009,2026-02-17 02:07:46,985,14102,1330,2115,8.19,7.61,54.31,59.85,1383,2,Line degradation
IGD_017,2026-02-16 14:07:46,2490,8440,1137,1266,23.02,14.83,43.78,47.08,34,0,NORMAL
IGD_030,2026-02-16 02:07:46,2072,12688,1322,1903,13.32,6.47,35.13,38.88,351,0,NORMAL
IGD_014,2026-02-16 02:07:46,3776,16626,1102,2493,19.25,13.81,30.44,31.53,61,1,Configuration / Ports overload
IGD_029,2026-02-16 20:07:46,1774,14752,1056,2212,13.82,18.96,39.78,41.74,229,1,Configuration / Ports overload
IGD_025,2026-02-15 20:07:46,7551,17001,2333,2550,22.55,18.95,30.11,27.58,28,0,NORMAL
IGD_006,2026-02-16 02:07:46,4911,14606,2022,2190,16.47,20.47,30.06,34.5,47,0,NORMAL
IGD_006,2026-02-15 02:07:46,6246,14606,1867,2190,19.3,13.21,29.35,35.09,50,0,NORMAL
IGD_018,2026-02-16 02:07:46,4832,14953,2111,2242,18.3,18.46,35.61,40.99,32,0,NORMAL
IGD_019,2026-02-17 08:07:46,5323,15377,2016,2306,15.48,15.99,27.14,33.92,48,0,NORMAL
IGD_030,2026-02-17 02:07:46,2128,12688,1326,1903,13.98,7.11,39.94,49.01,448,0,NORMAL
IGD_019,2026-02-16 20:07:46,5291,15377,2005,2306,17.01,19.58,28.05,28.63,56,0,NORMAL
IGD_017,2026-02-17 08:07:46,2453,8440,1142,1266,23.83,12.81,48.61,51.28,27,0,NORMAL
IGD_006,2026-02-17 02:07:46,7342,14606,1871,2190,24.52,15.21,30.93,27.1,29,0,NORMAL
IGD_005,2026-02-17 02:07:46,2106,21418,1308,3212,4.39,4.57,14.1,21.52,948,2,High Interference / Noise
IGD_024,2026-02-16 08:07:46,4914,17286,2405,2592,17.3,20.44,37.68,40.92,42,0,NORMAL
IGD_026,2026-02-15 14:07:46,1194,8657,667,1298,18.01,12.44,46.78,46.18,176,1,Configuration / Ports overload
IGD_003,2026-02-15 08:07:46,6105,21370,1227,3205,21.3,16.85,20.6,18.89,84,1,Configuration / Ports overload
IGD_017,2026-02-15 02:07:46,1854,8440,1174,1266,17.04,17.49,47.19,52.88,1,0,NORMAL
IGD_028,2026-02-16 14:07:46,4323,12544,1697,1881,18.61,19.27,31.94,36.41,24,0,NORMAL
IGD_020,2026-02-15 08:07:46,11461,21505,2830,3225,20.69,18.16,14.61,21.57,30,0,NORMAL
IGD_026,2026-02-16 20:07:46,1335,8657,464,1298,20.87,13.05,45.87,48.86,173,1,Configuration / Ports overload
IGD_015,2026-02-17 08:07:46,3989,23122,2284,3468,10.82,11.57,17.83,27.23,291,0,NORMAL
IGD_014,2026-02-15 02:07:46,3684,16626,969,2493,21.13,12.94,27.6,26.9,180,1,Configuration / Ports overload
IGD_016,2026-02-15 08:07:46,5160,14428,1854,2164,18.25,15.03,30.66,34.37,24,0,NORMAL
IGD_010,2026-02-17 08:07:46,312,8653,980,1297,6.61,5.03,63.45,67.42,1550,2,Line degradation
IGD_009,2026-02-16 20:07:46,1325,14102,1398,2115,8.03,8.72,51.93,62.61,1216,1,Line degradation
IGD_022,2026-02-16 02:07:46,3266,9331,1322,1399,23.84,16.55,41.61,45.35,3,0,NORMAL
IGD_013,2026-02-15 08:07:46,2457,11369,1075,1705,17.93,16.1,45.5,50.61,216,0,NORMAL
IGD_030,2026-02-17 08:07:46,1641,12688,1477,1903,10.38,7.57,37.84,43.19,374,0,NORMAL
IGD_003,2026-02-15 02:07:46,3538,21370,1260,3205,14.83,16.0,22.47,23.81,272,1,Configuration / Ports overload
IGD_019,2026-02-17 02:07:46,5421,15377,2180,2306,19.17,19.37,33.31,34.4,32,0,NORMAL
IGD_008,2026-02-15 08:07:46,10325,23536,3151,3530,18.13,18.95,16.29,17.17,49,0,NORMAL
IGD_011,2026-02-16 14:07:46,734,10062,1029,1509,11.53,8.11,58.42,61.9,1050,1,Line degradation
IGD_028,2026-02-15 02:07:46,4645,12544,1772,1881,23.41,14.88,36.17,39.04,46,0,NORMAL
IGD_011,2026-02-15 14:07:46,1851,10062,1051,1509,16.31,14.78,49.07,52.73,383,0,NORMAL
